Dates,S&P 500 Net (Total Return) Index (^SPXNTR) - Index Value
Mar-18-2010,1816.80
Mar-19-2010,1807.55
Mar-22-2010,1816.79
Mar-23-2010,1829.97
Mar-24-2010,1819.93
Mar-25-2010,1816.83
Mar-26-2010,1818.18
Mar-29-2010,1828.74
Mar-30-2010,1828.97
Mar-31-2010,1823.00
Apr-01-2010,1836.56
Apr-05-2010,1851.16
Apr-06-2010,1854.29
Apr-07-2010,1843.96
Apr-08-2010,1850.22
Apr-09-2010,1862.59
Apr-12-2010,1865.91
Apr-13-2010,1867.29
Apr-14-2010,1888.13
Apr-15-2010,1889.71
Apr-16-2010,1859.24
Apr-19-2010,1867.66
Apr-20-2010,1882.73
Apr-21-2010,1880.82
Apr-22-2010,1885.14
Apr-23-2010,1898.56
Apr-26-2010,1890.43
Apr-27-2010,1846.23
Apr-28-2010,1858.39
Apr-29-2010,1882.55
Apr-30-2010,1851.21
May-03-2010,1875.51
May-04-2010,1830.81
May-05-2010,1819.22
May-06-2010,1760.51
May-07-2010,1733.57
May-10-2010,1809.83
May-11-2010,1803.95
May-12-2010,1829.17
May-13-2010,1807.03
May-14-2010,1773.07
May-17-2010,1775.27
May-18-2010,1750.28
May-19-2010,1741.42
May-20-2010,1673.67
May-21-2010,1698.82
May-24-2010,1676.91
May-25-2010,1677.50
May-26-2010,1668.23
May-27-2010,1723.51
May-28-2010,1702.21
Jun-01-2010,1673.05
Jun-02-2010,1716.47
Jun-03-2010,1723.48
Jun-04-2010,1664.21
Jun-07-2010,1641.76
Jun-08-2010,1659.95
Jun-09-2010,1650.15
Jun-10-2010,1698.84
Jun-11-2010,1706.72
Jun-14-2010,1703.66
Jun-15-2010,1743.70
Jun-16-2010,1742.76
Jun-17-2010,1745.15
Jun-18-2010,1747.46
Jun-21-2010,1740.73
Jun-22-2010,1712.92
Jun-23-2010,1707.83
Jun-24-2010,1679.14
Jun-25-2010,1683.95
Jun-28-2010,1680.75
Jun-29-2010,1628.66
Jun-30-2010,1612.32
Jul-01-2010,1607.16
Jul-02-2010,1599.71
Jul-06-2010,1608.28
Jul-07-2010,1659.22
Jul-08-2010,1674.87
Jul-09-2010,1686.94
Jul-12-2010,1688.21
Jul-13-2010,1714.27
Jul-14-2010,1714.03
Jul-15-2010,1716.07
Jul-16-2010,1666.65
Jul-19-2010,1676.64
Jul-20-2010,1695.81
Jul-21-2010,1674.24
Jul-22-2010,1711.97
Jul-23-2010,1726.05
Jul-26-2010,1745.39
Jul-27-2010,1743.56
Jul-28-2010,1731.56
Jul-29-2010,1724.56
Jul-30-2010,1724.66
Aug-02-2010,1762.66
Aug-03-2010,1754.22
Aug-04-2010,1765.26
Aug-05-2010,1763.08
Aug-06-2010,1756.68
Aug-09-2010,1766.34
Aug-10-2010,1755.82
Aug-11-2010,1706.95
Aug-12-2010,1697.93
Aug-13-2010,1691.13
Aug-16-2010,1691.40
Aug-17-2010,1712.37
Aug-18-2010,1715.08
Aug-19-2010,1686.05
Aug-20-2010,1679.88
Aug-23-2010,1673.11
Aug-24-2010,1648.85
Aug-25-2010,1654.40
Aug-26-2010,1641.72
Aug-27-2010,1669.26
Aug-30-2010,1644.93
Aug-31-2010,1645.61
Sep-01-2010,1694.30
Sep-02-2010,1709.77
Sep-03-2010,1732.41
Sep-07-2010,1712.61
Sep-08-2010,1723.91
Sep-09-2010,1732.25
Sep-10-2010,1740.70
Sep-13-2010,1760.51
Sep-14-2010,1759.25
Sep-15-2010,1765.51
Sep-16-2010,1765.07
Sep-17-2010,1766.53
Sep-20-2010,1793.43
Sep-21-2010,1788.86
Sep-22-2010,1780.38
Sep-23-2010,1765.54
Sep-24-2010,1802.97
Sep-27-2010,1792.77
Sep-28-2010,1801.68
Sep-29-2010,1797.17
Sep-30-2010,1791.64
Oct-01-2010,1799.57
Oct-04-2010,1785.21
Oct-05-2010,1822.44
Oct-06-2010,1821.87
Oct-07-2010,1818.86
Oct-08-2010,1830.00
Oct-11-2010,1830.27
Oct-12-2010,1837.27
Oct-13-2010,1850.49
Oct-14-2010,1843.75
Oct-15-2010,1847.48
Oct-18-2010,1860.89
Oct-19-2010,1831.33
Oct-20-2010,1850.81
Oct-21-2010,1854.17
Oct-22-2010,1858.58
Oct-25-2010,1862.59
Oct-26-2010,1862.61
Oct-27-2010,1857.78
Oct-28-2010,1859.98
Oct-29-2010,1859.17
Nov-01-2010,1860.94
Nov-02-2010,1875.37
Nov-03-2010,1882.51
Nov-04-2010,1919.03
Nov-05-2010,1926.65
Nov-08-2010,1922.74
Nov-09-2010,1907.69
Nov-10-2010,1916.31
Nov-11-2010,1908.18
Nov-12-2010,1885.72
Nov-15-2010,1883.51
Nov-16-2010,1853.35
Nov-17-2010,1853.95
Nov-18-2010,1882.43
Nov-19-2010,1887.29
Nov-22-2010,1884.39
Nov-23-2010,1857.52
Nov-24-2010,1885.31
Nov-26-2010,1871.55
Nov-29-2010,1869.33
Nov-30-2010,1858.06
Dec-01-2010,1898.41
Dec-02-2010,1922.77
Dec-03-2010,1927.83
Dec-06-2010,1925.38
Dec-07-2010,1926.39
Dec-08-2010,1933.87
Dec-09-2010,1941.41
Dec-10-2010,1953.07
Dec-13-2010,1953.39
Dec-14-2010,1955.19
Dec-15-2010,1945.20
Dec-16-2010,1957.28
Dec-17-2010,1958.92
Dec-20-2010,1963.94
Dec-21-2010,1975.99
Dec-22-2010,1982.86
Dec-23-2010,1979.71
Dec-27-2010,1980.92
Dec-28-2010,1982.47
Dec-29-2010,1984.72
Dec-30-2010,1981.76
Dec-31-2010,1981.38
Jan-03-2011,2003.85
Jan-04-2011,2001.24
Jan-05-2011,2011.45
Jan-06-2011,2007.71
Jan-07-2011,2004.01
Jan-10-2011,2001.26
Jan-11-2011,2008.71
Jan-12-2011,2026.95
Jan-13-2011,2023.49
Jan-14-2011,2038.48
Jan-18-2011,2041.31
Jan-19-2011,2020.85
Jan-20-2011,2018.24
Jan-21-2011,2023.14
Jan-24-2011,2034.95
Jan-25-2011,2035.53
Jan-26-2011,2044.18
Jan-27-2011,2048.83
Jan-28-2011,2012.30
Jan-31-2011,2027.71
Feb-01-2011,2061.57
Feb-02-2011,2056.21
Feb-03-2011,2061.26
Feb-04-2011,2067.22
Feb-07-2011,2080.14
Feb-08-2011,2089.30
Feb-09-2011,2083.66
Feb-10-2011,2085.35
Feb-11-2011,2097.04
Feb-14-2011,2102.35
Feb-15-2011,2095.72
Feb-16-2011,2109.10
Feb-17-2011,2115.71
Feb-18-2011,2119.80
Feb-22-2011,2076.30
Feb-23-2011,2063.67
Feb-24-2011,2061.97
Feb-25-2011,2084.11
Feb-28-2011,2095.78
Mar-01-2011,2062.79
Mar-02-2011,2066.36
Mar-03-2011,2101.99
Mar-04-2011,2086.50
Mar-07-2011,2069.14
Mar-08-2011,2087.87
Mar-09-2011,2085.26
Mar-10-2011,2045.90
Mar-11-2011,2060.83
Mar-14-2011,2048.41
Mar-15-2011,2025.48
Mar-16-2011,1986.03
Mar-17-2011,2012.68
Mar-18-2011,2021.35
Mar-21-2011,2051.67
Mar-22-2011,2044.55
Mar-23-2011,2050.53
Mar-24-2011,2069.68
Mar-25-2011,2076.23
Mar-28-2011,2070.52
Mar-29-2011,2085.44
Mar-30-2011,2099.55
Mar-31-2011,2095.70
Apr-01-2011,2106.12
Apr-04-2011,2107.03
Apr-05-2011,2106.67
Apr-06-2011,2111.88
Apr-07-2011,2108.72
Apr-08-2011,2100.28
Apr-11-2011,2094.44
Apr-12-2011,2078.17
Apr-13-2011,2078.71
Apr-14-2011,2078.90
Apr-15-2011,2087.06
Apr-18-2011,2064.08
Apr-19-2011,2075.96
Apr-20-2011,2104.05
Apr-21-2011,2115.20
Apr-25-2011,2111.83
Apr-26-2011,2130.79
Apr-27-2011,2144.36
Apr-28-2011,2152.10
Apr-29-2011,2157.06
May-02-2011,2153.28
May-03-2011,2146.01
May-04-2011,2131.57
May-05-2011,2112.31
May-06-2011,2120.55
May-09-2011,2130.21
May-10-2011,2147.43
May-11-2011,2124.39
May-12-2011,2134.95
May-13-2011,2117.79
May-16-2011,2104.74
May-17-2011,2104.34
May-18-2011,2123.13
May-19-2011,2127.88
May-20-2011,2111.52
May-23-2011,2086.36
May-24-2011,2084.66
May-25-2011,2091.40
May-26-2011,2100.01
May-27-2011,2108.88
May-31-2011,2131.23
Jun-01-2011,2082.83
Jun-02-2011,2080.36
Jun-03-2011,2060.19
Jun-06-2011,2038.04
Jun-07-2011,2036.16
Jun-08-2011,2027.94
Jun-09-2011,2042.91
Jun-10-2011,2014.37
Jun-13-2011,2016.18
Jun-14-2011,2041.69
Jun-15-2011,2006.14
Jun-16-2011,2009.89
Jun-17-2011,2016.03
Jun-20-2011,2026.91
Jun-21-2011,2054.27
Jun-22-2011,2041.05
Jun-23-2011,2035.28
Jun-24-2011,2011.41
Jun-27-2011,2029.88
Jun-28-2011,2056.48
Jun-29-2011,2073.70
Jun-30-2011,2094.69
Jul-01-2011,2125.07
Jul-05-2011,2122.27
Jul-06-2011,2124.96
Jul-07-2011,2147.25
Jul-08-2011,2132.31
Jul-11-2011,2093.76
Jul-12-2011,2084.49
Jul-13-2011,2091.09
Jul-14-2011,2077.07
Jul-15-2011,2088.62
Jul-18-2011,2071.68
Jul-19-2011,2105.47
Jul-20-2011,2104.27
Jul-21-2011,2132.90
Jul-22-2011,2134.86
Jul-25-2011,2122.83
Jul-26-2011,2114.12
Jul-27-2011,2071.25
Jul-28-2011,2064.69
Jul-29-2011,2051.38
Aug-01-2011,2042.90
Aug-02-2011,1990.68
Aug-03-2011,2001.18
Aug-04-2011,1905.54
Aug-05-2011,1904.45
Aug-08-2011,1777.75
Aug-09-2011,1862.06
Aug-10-2011,1780.37
Aug-11-2011,1863.01
Aug-12-2011,1872.84
Aug-15-2011,1913.73
Aug-16-2011,1895.34
Aug-17-2011,1897.50
Aug-18-2011,1812.98
Aug-19-2011,1785.77
Aug-22-2011,1786.23
Aug-23-2011,1847.49
Aug-24-2011,1871.91
Aug-25-2011,1842.80
Aug-26-2011,1870.86
Aug-29-2011,1923.94
Aug-30-2011,1928.77
Aug-31-2011,1938.43
Sep-01-2011,1915.52
Sep-02-2011,1867.15
Sep-06-2011,1853.30
Sep-07-2011,1906.71
Sep-08-2011,1886.51
Sep-09-2011,1836.16
Sep-12-2011,1849.02
Sep-13-2011,1866.35
Sep-14-2011,1891.51
Sep-15-2011,1924.26
Sep-16-2011,1935.27
Sep-19-2011,1916.31
Sep-20-2011,1913.16
Sep-21-2011,1856.99
Sep-22-2011,1797.78
Sep-23-2011,1808.88
Sep-26-2011,1851.09
Sep-27-2011,1870.89
Sep-28-2011,1832.50
Sep-29-2011,1847.43
Sep-30-2011,1801.30
Oct-03-2011,1750.12
Oct-04-2011,1789.64
Oct-05-2011,1822.27
Oct-06-2011,1855.74
Oct-07-2011,1840.63
Oct-10-2011,1903.43
Oct-11-2011,1904.49
Oct-12-2011,1923.36
Oct-13-2011,1917.74
Oct-14-2011,1951.07
Oct-17-2011,1913.33
Oct-18-2011,1952.40
Oct-19-2011,1927.91
Oct-20-2011,1936.73
Oct-21-2011,1973.19
Oct-24-2011,1998.62
Oct-25-2011,1958.55
Oct-26-2011,1979.20
Oct-27-2011,2047.15
Oct-28-2011,2047.98
Oct-31-2011,1997.32
Nov-01-2011,1941.52
Nov-02-2011,1972.92
Nov-03-2011,2010.26
Nov-04-2011,1997.64
Nov-07-2011,2010.33
Nov-08-2011,2034.77
Nov-09-2011,1960.24
Nov-10-2011,1977.32
Nov-11-2011,2015.87
Nov-14-2011,1996.78
Nov-15-2011,2006.65
Nov-16-2011,1973.71
Nov-17-2011,1940.57
Nov-18-2011,1939.91
Nov-21-2011,1903.79
Nov-22-2011,1896.01
Nov-23-2011,1854.17
Nov-25-2011,1849.39
Nov-28-2011,1903.65
Nov-29-2011,1908.35
Nov-30-2011,1991.20
Dec-01-2011,1987.45
Dec-02-2011,1987.02
Dec-05-2011,2007.53
Dec-06-2011,2009.77
Dec-07-2011,2014.23
Dec-08-2011,1971.68
Dec-09-2011,2004.97
Dec-12-2011,1975.14
Dec-13-2011,1958.25
Dec-14-2011,1936.17
Dec-15-2011,1942.57
Dec-16-2011,1948.84
Dec-19-2011,1926.00
Dec-20-2011,1983.66
Dec-21-2011,1987.55
Dec-22-2011,2004.33
Dec-23-2011,2022.46
Dec-27-2011,2022.64
Dec-28-2011,1997.71
Dec-29-2011,2019.14
Dec-30-2011,2010.56
Jan-03-2012,2041.70
Jan-04-2012,2042.39
Jan-05-2012,2048.40
Jan-06-2012,2043.75
Jan-09-2012,2048.41
Jan-10-2012,2066.62
Jan-11-2012,2067.41
Jan-12-2012,2072.28
Jan-13-2012,2062.03
Jan-17-2012,2069.35
Jan-18-2012,2092.57
Jan-19-2012,2102.95
Jan-20-2012,2104.40
Jan-23-2012,2105.41
Jan-24-2012,2103.29
Jan-25-2012,2121.54
Jan-26-2012,2109.42
Jan-27-2012,2106.13
Jan-30-2012,2100.88
Jan-31-2012,2099.92
Feb-01-2012,2118.92
Feb-02-2012,2121.35
Feb-03-2012,2152.52
Feb-06-2012,2151.64
Feb-07-2012,2156.02
Feb-08-2012,2161.22
Feb-09-2012,2164.43
Feb-10-2012,2149.56
Feb-13-2012,2164.51
Feb-14-2012,2162.71
Feb-15-2012,2151.58
Feb-16-2012,2175.53
Feb-17-2012,2180.68
Feb-21-2012,2182.28
Feb-22-2012,2175.05
Feb-23-2012,2184.64
Feb-24-2012,2188.50
Feb-27-2012,2191.60
Feb-28-2012,2199.20
Feb-29-2012,2189.05
Mar-01-2012,2202.62
Mar-02-2012,2195.54
Mar-05-2012,2187.13
Mar-06-2012,2153.56
Mar-07-2012,2168.87
Mar-08-2012,2190.32
Mar-09-2012,2198.27
Mar-12-2012,2198.73
Mar-13-2012,2239.13
Mar-14-2012,2236.50
Mar-15-2012,2249.87
Mar-16-2012,2252.40
Mar-19-2012,2261.35
Mar-20-2012,2254.59
Mar-21-2012,2250.43
Mar-22-2012,2234.30
Mar-23-2012,2241.23
Mar-26-2012,2272.36
Mar-27-2012,2266.12
Mar-28-2012,2255.31
Mar-29-2012,2251.71
Mar-30-2012,2260.05
Apr-02-2012,2277.12
Apr-03-2012,2268.41
Apr-04-2012,2245.31
Apr-05-2012,2244.46
Apr-09-2012,2219.00
Apr-10-2012,2181.11
Apr-11-2012,2197.57
Apr-12-2012,2227.87
Apr-13-2012,2200.11
Apr-16-2012,2199.00
Apr-17-2012,2233.06
Apr-18-2012,2224.02
Apr-19-2012,2210.89
Apr-20-2012,2213.52
Apr-23-2012,2194.94
Apr-24-2012,2203.02
Apr-25-2012,2233.30
Apr-26-2012,2248.30
Apr-27-2012,2253.76
Apr-30-2012,2245.04
May-01-2012,2257.75
May-02-2012,2252.28
May-03-2012,2235.31
May-04-2012,2199.26
May-07-2012,2200.06
May-08-2012,2190.85
May-09-2012,2176.59
May-10-2012,2182.55
May-11-2012,2175.32
May-14-2012,2151.30
May-15-2012,2139.21
May-16-2012,2130.31
May-17-2012,2098.39
May-18-2012,2082.90
May-21-2012,2116.32
May-22-2012,2117.38
May-23-2012,2121.03
May-24-2012,2124.19
May-25-2012,2119.60
May-29-2012,2143.32
May-30-2012,2113.04
May-31-2012,2108.39
Jun-01-2012,2056.50
Jun-04-2012,2056.76
Jun-05-2012,2068.58
Jun-06-2012,2116.67
Jun-07-2012,2116.51
Jun-08-2012,2133.71
Jun-11-2012,2106.87
Jun-12-2012,2131.43
Jun-13-2012,2117.01
Jun-14-2012,2139.93
Jun-15-2012,2162.05
Jun-18-2012,2165.21
Jun-19-2012,2186.50
Jun-20-2012,2182.88
Jun-21-2012,2134.51
Jun-22-2012,2149.82
Jun-25-2012,2115.70
Jun-26-2012,2125.80
Jun-27-2012,2145.26
Jun-28-2012,2140.81
Jun-29-2012,2194.22
Jul-02-2012,2199.71
Jul-03-2012,2213.77
Jul-05-2012,2203.42
Jul-06-2012,2183.17
Jul-09-2012,2179.61
Jul-10-2012,2161.92
Jul-11-2012,2162.07
Jul-12-2012,2151.28
Jul-13-2012,2186.82
Jul-16-2012,2181.76
Jul-17-2012,2197.92
Jul-18-2012,2212.84
Jul-19-2012,2219.01
Jul-20-2012,2196.72
Jul-23-2012,2177.18
Jul-24-2012,2157.50
Jul-25-2012,2156.85
Jul-26-2012,2192.57
Jul-27-2012,2234.50
Jul-30-2012,2233.47
Jul-31-2012,2223.85
Aug-01-2012,2217.35
Aug-02-2012,2201.13
Aug-03-2012,2243.23
Aug-06-2012,2248.49
Aug-07-2012,2260.00
Aug-08-2012,2261.90
Aug-09-2012,2263.52
Aug-10-2012,2268.53
Aug-13-2012,2265.99
Aug-14-2012,2265.97
Aug-15-2012,2269.12
Aug-16-2012,2285.36
Aug-17-2012,2289.64
Aug-20-2012,2289.63
Aug-21-2012,2281.65
Aug-22-2012,2282.27
Aug-23-2012,2263.87
Aug-24-2012,2278.71
Aug-27-2012,2277.60
Aug-28-2012,2275.87
Aug-29-2012,2278.17
Aug-30-2012,2260.60
Aug-31-2012,2272.09
Sep-04-2012,2269.48
Sep-05-2012,2267.45
Sep-06-2012,2314.01
Sep-07-2012,2323.47
Sep-10-2012,2309.29
Sep-11-2012,2316.55
Sep-12-2012,2321.82
Sep-13-2012,2359.91
Sep-14-2012,2369.27
Sep-17-2012,2361.93
Sep-18-2012,2358.94
Sep-19-2012,2361.77
Sep-20-2012,2360.74
Sep-21-2012,2360.56
Sep-24-2012,2355.29
Sep-25-2012,2330.74
Sep-26-2012,2317.70
Sep-27-2012,2340.18
Sep-28-2012,2329.71
Oct-01-2012,2335.96
Oct-02-2012,2338.11
Oct-03-2012,2346.96
Oct-04-2012,2363.80
Oct-05-2012,2363.60
Oct-08-2012,2355.43
Oct-09-2012,2332.19
Oct-10-2012,2317.88
Oct-11-2012,2318.60
Oct-12-2012,2311.75
Oct-15-2012,2330.43
Oct-16-2012,2354.37
Oct-17-2012,2364.26
Oct-18-2012,2358.57
Oct-19-2012,2319.51
Oct-22-2012,2320.57
Oct-23-2012,2287.05
Oct-24-2012,2280.01
Oct-25-2012,2286.87
Oct-26-2012,2285.20
Oct-31-2012,2285.76
Nov-01-2012,2310.87
Nov-02-2012,2289.21
Nov-05-2012,2294.36
Nov-06-2012,2312.42
Nov-07-2012,2259.03
Nov-08-2012,2231.47
Nov-09-2012,2235.33
Nov-12-2012,2235.62
Nov-13-2012,2227.20
Nov-14-2012,2196.92
Nov-15-2012,2193.53
Nov-16-2012,2204.29
Nov-19-2012,2248.18
Nov-20-2012,2249.81
Nov-21-2012,2255.05
Nov-23-2012,2284.66
Nov-26-2012,2280.07
Nov-27-2012,2268.30
Nov-28-2012,2286.60
Nov-29-2012,2296.63
Nov-30-2012,2297.00
Dec-03-2012,2286.11
Dec-04-2012,2282.24
Dec-05-2012,2286.36
Dec-06-2012,2294.34
Dec-07-2012,2301.17
Dec-10-2012,2302.01
Dec-11-2012,2317.09
Dec-12-2012,2318.49
Dec-13-2012,2304.25
Dec-14-2012,2294.78
Dec-17-2012,2322.05
Dec-18-2012,2348.75
Dec-19-2012,2330.99
Dec-20-2012,2344.13
Dec-21-2012,2322.26
Dec-24-2012,2316.80
Dec-26-2012,2305.72
Dec-27-2012,2303.21
Dec-28-2012,2277.92
Dec-31-2012,2316.52
Jan-02-2013,2375.69
Jan-03-2013,2370.72
Jan-04-2013,2382.26
Jan-07-2013,2374.83
Jan-08-2013,2367.69
Jan-09-2013,2374.01
Jan-10-2013,2392.05
Jan-11-2013,2392.12
Jan-14-2013,2389.89
Jan-15-2013,2392.59
Jan-16-2013,2393.26
Jan-17-2013,2406.78
Jan-18-2013,2415.00
Jan-22-2013,2425.77
Jan-23-2013,2429.46
Jan-24-2013,2429.53
Jan-25-2013,2442.76
Jan-28-2013,2438.29
Jan-29-2013,2450.83
Jan-30-2013,2441.71
Jan-31-2013,2435.56
Feb-01-2013,2460.08
Feb-04-2013,2431.73
Feb-05-2013,2457.26
Feb-06-2013,2458.82
Feb-07-2013,2455.09
Feb-08-2013,2468.97
Feb-11-2013,2467.56
Feb-12-2013,2471.59
Feb-13-2013,2473.86
Feb-14-2013,2475.78
Feb-15-2013,2473.35
Feb-19-2013,2491.76
Feb-20-2013,2460.93
Feb-21-2013,2445.80
Feb-22-2013,2467.51
Feb-25-2013,2422.33
Feb-26-2013,2437.40
Feb-27-2013,2468.83
Feb-28-2013,2466.78
Mar-01-2013,2472.55
Mar-04-2013,2483.97
Mar-05-2013,2507.79
Mar-06-2013,2511.01
Mar-07-2013,2515.74
Mar-08-2013,2527.14
Mar-11-2013,2535.51
Mar-12-2013,2529.51
Mar-13-2013,2533.43
Mar-14-2013,2547.66
Mar-15-2013,2543.53
Mar-18-2013,2529.53
Mar-19-2013,2523.44
Mar-20-2013,2540.35
Mar-21-2013,2519.35
Mar-22-2013,2537.41
Mar-25-2013,2528.95
Mar-26-2013,2549.23
Mar-27-2013,2547.83
Mar-28-2013,2558.17
Apr-01-2013,2546.84
Apr-02-2013,2560.02
Apr-03-2013,2533.35
Apr-04-2013,2543.72
Apr-05-2013,2532.81
Apr-08-2013,2549.36
Apr-09-2013,2558.40
Apr-10-2013,2589.71
Apr-11-2013,2599.07
Apr-12-2013,2591.74
Apr-15-2013,2532.21
Apr-16-2013,2568.43
Apr-17-2013,2531.65
Apr-18-2013,2514.74
Apr-19-2013,2537.06
Apr-22-2013,2548.92
Apr-23-2013,2575.47
Apr-24-2013,2575.72
Apr-25-2013,2586.17
Apr-26-2013,2581.48
Apr-29-2013,2600.07
Apr-30-2013,2606.55
May-01-2013,2582.38
May-02-2013,2606.82
May-03-2013,2634.49
May-06-2013,2639.52
May-07-2013,2653.44
May-08-2013,2665.22
May-09-2013,2656.26
May-10-2013,2667.76
May-13-2013,2668.05
May-14-2013,2695.52
May-15-2013,2709.90
May-16-2013,2696.41
May-17-2013,2724.22
May-20-2013,2722.33
May-21-2013,2727.07
May-22-2013,2704.73
May-23-2013,2697.09
May-24-2013,2695.65
May-28-2013,2712.77
May-29-2013,2693.95
May-30-2013,2704.15
May-31-2013,2665.47
Jun-03-2013,2681.48
Jun-04-2013,2666.78
Jun-05-2013,2630.49
Jun-06-2013,2653.08
Jun-07-2013,2687.16
Jun-10-2013,2686.34
Jun-11-2013,2659.08
Jun-12-2013,2637.26
Jun-13-2013,2676.52
Jun-14-2013,2660.77
Jun-17-2013,2680.93
Jun-18-2013,2701.85
Jun-19-2013,2664.44
Jun-20-2013,2598.09
Jun-21-2013,2605.03
Jun-24-2013,2573.40
Jun-25-2013,2598.01
Jun-26-2013,2623.30
Jun-27-2013,2639.72
Jun-28-2013,2628.42
Jul-01-2013,2642.84
Jul-02-2013,2641.81
Jul-03-2013,2643.99
Jul-05-2013,2670.97
Jul-08-2013,2685.56
Jul-09-2013,2705.00
Jul-10-2013,2705.58
Jul-11-2013,2742.45
Jul-12-2013,2750.91
Jul-15-2013,2754.70
Jul-16-2013,2744.48
Jul-17-2013,2752.31
Jul-18-2013,2766.37
Jul-19-2013,2770.88
Jul-22-2013,2776.55
Jul-23-2013,2771.41
Jul-24-2013,2760.87
Jul-25-2013,2767.97
Jul-26-2013,2770.26
Jul-29-2013,2760.03
Jul-30-2013,2761.13
Jul-31-2013,2761.04
Aug-01-2013,2795.86
Aug-02-2013,2800.49
Aug-05-2013,2796.53
Aug-06-2013,2780.59
Aug-07-2013,2770.63
Aug-08-2013,2781.84
Aug-09-2013,2772.27
Aug-12-2013,2769.14
Aug-13-2013,2777.26
Aug-14-2013,2763.26
Aug-15-2013,2724.12
Aug-16-2013,2715.21
Aug-19-2013,2699.32
Aug-20-2013,2709.71
Aug-21-2013,2694.15
Aug-22-2013,2717.38
Aug-23-2013,2728.40
Aug-26-2013,2717.41
Aug-27-2013,2674.26
Aug-28-2013,2681.97
Aug-29-2013,2687.50
Aug-30-2013,2679.14
Sep-03-2013,2690.40
Sep-04-2013,2712.67
Sep-05-2013,2716.01
Sep-06-2013,2716.39
Sep-09-2013,2743.66
Sep-10-2013,2763.82
Sep-11-2013,2772.53
Sep-12-2013,2763.71
Sep-13-2013,2771.22
Sep-16-2013,2787.01
Sep-17-2013,2798.80
Sep-18-2013,2832.91
Sep-19-2013,2827.99
Sep-20-2013,2807.60
Sep-23-2013,2794.35
Sep-24-2013,2787.30
Sep-25-2013,2779.71
Sep-26-2013,2789.78
Sep-27-2013,2778.52
Sep-30-2013,2761.86
Oct-01-2013,2784.08
Oct-02-2013,2782.60
Oct-03-2013,2757.62
Oct-04-2013,2777.14
Oct-07-2013,2753.52
Oct-08-2013,2720.15
Oct-09-2013,2721.90
Oct-10-2013,2781.62
Oct-11-2013,2799.10
Oct-14-2013,2810.53
Oct-15-2013,2790.68
Oct-16-2013,2829.49
Oct-17-2013,2848.66
Oct-18-2013,2867.37
Oct-21-2013,2867.65
Oct-22-2013,2884.11
Oct-23-2013,2870.50
Oct-24-2013,2879.88
Oct-25-2013,2892.53
Oct-28-2013,2896.39
Oct-29-2013,2912.68
Oct-30-2013,2898.64
Oct-31-2013,2887.68
Nov-01-2013,2896.07
Nov-04-2013,2906.43
Nov-05-2013,2898.50
Nov-06-2013,2911.97
Nov-07-2013,2874.05
Nov-08-2013,2912.66
Nov-11-2013,2914.78
Nov-12-2013,2908.00
Nov-13-2013,2932.16
Nov-14-2013,2946.72
Nov-15-2013,2959.17
Nov-18-2013,2948.33
Nov-19-2013,2942.69
Nov-20-2013,2932.10
Nov-21-2013,2956.07
Nov-22-2013,2971.01
Nov-25-2013,2967.30
Nov-26-2013,2967.97
Nov-27-2013,2975.84
Nov-29-2013,2973.58
Dec-02-2013,2965.57
Dec-03-2013,2956.23
Dec-04-2013,2952.91
Dec-05-2013,2940.17
Dec-06-2013,2973.40
Dec-09-2013,2978.88
Dec-10-2013,2969.42
Dec-11-2013,2936.05
Dec-12-2013,2925.52
Dec-13-2013,2925.27
Dec-16-2013,2943.78
Dec-17-2013,2934.68
Dec-18-2013,2983.61
Dec-19-2013,2982.16
Dec-20-2013,2996.54
Dec-23-2013,3012.79
Dec-24-2013,3021.82
Dec-26-2013,3036.16
Dec-27-2013,3035.53
Dec-30-2013,3035.14
Dec-31-2013,3047.29
Jan-02-2014,3020.60
Jan-03-2014,3019.65
Jan-06-2014,3012.10
Jan-07-2014,3030.44
Jan-08-2014,3030.43
Jan-09-2014,3031.47
Jan-10-2014,3038.48
Jan-13-2014,3000.50
Jan-14-2014,3032.97
Jan-15-2014,3048.69
Jan-16-2014,3044.64
Jan-17-2014,3032.81
Jan-21-2014,3041.28
Jan-22-2014,3043.28
Jan-23-2014,3016.25
Jan-24-2014,2953.29
Jan-27-2014,2938.97
Jan-28-2014,2957.02
Jan-29-2014,2927.05
Jan-30-2014,2960.15
Jan-31-2014,2941.01
Feb-03-2014,2873.86
Feb-04-2014,2895.93
Feb-05-2014,2890.67
Feb-06-2014,2927.67
Feb-07-2014,2966.60
Feb-10-2014,2971.31
Feb-11-2014,3004.29
Feb-12-2014,3004.52
Feb-13-2014,3022.19
Feb-14-2014,3036.90
Feb-18-2014,3040.75
Feb-19-2014,3021.02
Feb-20-2014,3039.62
Feb-21-2014,3034.08
Feb-24-2014,3052.87
Feb-25-2014,3048.80
Feb-26-2014,3049.29
Feb-27-2014,3064.67
Feb-28-2014,3073.22
Mar-03-2014,3050.66
Mar-04-2014,3097.28
Mar-05-2014,3097.52
Mar-06-2014,3103.22
Mar-07-2014,3105.06
Mar-10-2014,3103.76
Mar-11-2014,3088.07
Mar-12-2014,3089.58
Mar-13-2014,3053.70
Mar-14-2014,3045.14
Mar-17-2014,3074.42
Mar-18-2014,3096.67
Mar-19-2014,3077.68
Mar-20-2014,3096.30
Mar-21-2014,3087.23
Mar-24-2014,3072.22
Mar-25-2014,3085.97
Mar-26-2014,3064.43
Mar-27-2014,3058.98
Mar-28-2014,3073.25
Mar-31-2014,3097.70
Apr-01-2014,3119.66
Apr-02-2014,3128.93
Apr-03-2014,3125.44
Apr-04-2014,3086.32
Apr-07-2014,3053.15
Apr-08-2014,3065.31
Apr-09-2014,3098.97
Apr-10-2014,3034.25
Apr-11-2014,3005.68
Apr-14-2014,3030.39
Apr-15-2014,3050.87
Apr-16-2014,3082.93
Apr-17-2014,3087.23
Apr-21-2014,3098.91
Apr-22-2014,3111.60
Apr-23-2014,3104.98
Apr-24-2014,3110.37
Apr-25-2014,3085.19
Apr-28-2014,3095.30
Apr-29-2014,3110.08
Apr-30-2014,3119.49
May-01-2014,3119.19
May-02-2014,3114.97
May-05-2014,3120.97
May-06-2014,3092.97
May-07-2014,3111.26
May-08-2014,3107.54
May-09-2014,3112.65
May-12-2014,3142.85
May-13-2014,3144.71
May-14-2014,3130.35
May-15-2014,3101.46
May-16-2014,3113.09
May-19-2014,3125.23
May-20-2014,3104.99
May-21-2014,3130.49
May-22-2014,3138.20
May-23-2014,3151.56
May-27-2014,3170.45
May-28-2014,3167.26
May-29-2014,3184.54
May-30-2014,3190.43
Jun-02-2014,3192.95
Jun-03-2014,3191.86
Jun-04-2014,3198.30
Jun-05-2014,3219.32
Jun-06-2014,3234.55
Jun-09-2014,3237.69
Jun-10-2014,3236.91
Jun-11-2014,3225.71
Jun-12-2014,3203.49
Jun-13-2014,3213.56
Jun-16-2014,3216.27
Jun-17-2014,3223.30
Jun-18-2014,3248.21
Jun-19-2014,3252.67
Jun-20-2014,3258.31
Jun-23-2014,3257.88
Jun-24-2014,3237.12
Jun-25-2014,3253.03
Jun-26-2014,3249.58
Jun-27-2014,3255.91
Jun-30-2014,3254.80
Jul-01-2014,3276.95
Jul-02-2014,3279.24
Jul-03-2014,3297.22
Jul-07-2014,3284.37
Jul-08-2014,3261.89
Jul-09-2014,3277.18
Jul-10-2014,3263.63
Jul-11-2014,3268.65
Jul-14-2014,3284.49
Jul-15-2014,3278.16
Jul-16-2014,3292.19
Jul-17-2014,3253.46
Jul-18-2014,3286.87
Jul-21-2014,3279.31
Jul-22-2014,3295.76
Jul-23-2014,3301.57
Jul-24-2014,3303.21
Jul-25-2014,3287.23
Jul-28-2014,3288.19
Jul-29-2014,3273.41
Jul-30-2014,3273.99
Jul-31-2014,3208.66
Aug-01-2014,3199.48
Aug-04-2014,3222.49
Aug-05-2014,3191.50
Aug-06-2014,3192.22
Aug-07-2014,3175.02
Aug-08-2014,3211.69
Aug-11-2014,3220.96
Aug-12-2014,3215.81
Aug-13-2014,3237.96
Aug-14-2014,3252.15
Aug-15-2014,3252.22
Aug-18-2014,3280.11
Aug-19-2014,3296.97
Aug-20-2014,3305.29
Aug-21-2014,3315.09
Aug-22-2014,3308.81
Aug-25-2014,3324.68
Aug-26-2014,3328.19
Aug-27-2014,3328.84
Aug-28-2014,3323.53
Aug-29-2014,3334.75
Sep-02-2014,3333.05
Sep-03-2014,3330.88
Sep-04-2014,3325.83
Sep-05-2014,3342.64
Sep-08-2014,3332.77
Sep-09-2014,3310.99
Sep-10-2014,3323.30
Sep-11-2014,3326.87
Sep-12-2014,3307.09
Sep-15-2014,3304.76
Sep-16-2014,3329.52
Sep-17-2014,3333.89
Sep-18-2014,3350.53
Sep-19-2014,3348.96
Sep-22-2014,3322.12
Sep-23-2014,3303.17
Sep-24-2014,3329.09
Sep-25-2014,3275.26
Sep-26-2014,3303.77
Sep-29-2014,3295.56
Sep-30-2014,3286.50
Oct-01-2014,3243.16
Oct-02-2014,3243.37
Oct-03-2014,3279.62
Oct-06-2014,3274.55
Oct-07-2014,3225.03
Oct-08-2014,3282.12
Oct-09-2014,3214.43
Oct-10-2014,3177.85
Oct-13-2014,3125.51
Oct-14-2014,3130.46
Oct-15-2014,3105.31
Oct-16-2014,3105.83
Oct-17-2014,3145.85
Oct-20-2014,3174.65
Oct-21-2014,3236.83
Oct-22-2014,3213.46
Oct-23-2014,3253.00
Oct-24-2014,3275.97
Oct-27-2014,3271.07
Oct-28-2014,3310.11
Oct-29-2014,3305.77
Oct-30-2014,3326.53
Oct-31-2014,3365.57
Nov-03-2014,3365.18
Nov-04-2014,3355.67
Nov-05-2014,3375.62
Nov-06-2014,3389.09
Nov-07-2014,3390.73
Nov-10-2014,3401.45
Nov-11-2014,3403.82
Nov-12-2014,3402.12
Nov-13-2014,3404.12
Nov-14-2014,3405.22
Nov-17-2014,3407.85
Nov-18-2014,3425.82
Nov-19-2014,3420.83
Nov-20-2014,3427.66
Nov-21-2014,3445.95
Nov-24-2014,3455.85
Nov-25-2014,3452.14
Nov-26-2014,3462.39
Nov-28-2014,3453.70
Dec-01-2014,3430.21
Dec-02-2014,3452.23
Dec-03-2014,3465.87
Dec-04-2014,3461.88
Dec-05-2014,3467.66
Dec-08-2014,3442.86
Dec-09-2014,3442.06
Dec-10-2014,3385.95
Dec-11-2014,3401.95
Dec-12-2014,3346.89
Dec-15-2014,3325.72
Dec-16-2014,3297.48
Dec-17-2014,3364.71
Dec-18-2014,3445.89
Dec-19-2014,3461.65
Dec-22-2014,3475.18
Dec-23-2014,3481.37
Dec-24-2014,3480.98
Dec-26-2014,3492.50
Dec-29-2014,3495.93
Dec-30-2014,3479.12
Dec-31-2014,3443.27
Jan-02-2015,3442.43
Jan-05-2015,3379.66
Jan-06-2015,3349.61
Jan-07-2015,3389.30
Jan-08-2015,3449.98
Jan-09-2015,3420.99
Jan-12-2015,3393.31
Jan-13-2015,3384.80
Jan-14-2015,3365.20
Jan-15-2015,3334.13
Jan-16-2015,3378.92
Jan-20-2015,3384.23
Jan-21-2015,3400.53
Jan-22-2015,3452.47
Jan-23-2015,3433.52
Jan-26-2015,3442.36
Jan-27-2015,3396.28
Jan-28-2015,3350.64
Jan-29-2015,3382.75
Jan-30-2015,3338.84
Feb-02-2015,3382.18
Feb-03-2015,3431.08
Feb-04-2015,3417.53
Feb-05-2015,3453.18
Feb-06-2015,3442.03
Feb-09-2015,3427.52
Feb-10-2015,3464.23
Feb-11-2015,3464.96
Feb-12-2015,3498.97
Feb-13-2015,3513.43
Feb-17-2015,3519.43
Feb-18-2015,3518.43
Feb-19-2015,3515.09
Feb-20-2015,3536.93
Feb-23-2015,3535.88
Feb-24-2015,3545.72
Feb-25-2015,3543.41
Feb-26-2015,3538.59
Feb-27-2015,3528.15
Mar-02-2015,3549.90
Mar-03-2015,3533.82
Mar-04-2015,3518.82
Mar-05-2015,3523.14
Mar-06-2015,3473.50
Mar-09-2015,3487.43
Mar-10-2015,3428.44
Mar-11-2015,3422.23
Mar-12-2015,3465.97
Mar-13-2015,3444.97
Mar-16-2015,3491.64
Mar-17-2015,3480.05
Mar-18-2015,3522.42
Mar-19-2015,3505.29
Mar-20-2015,3536.88
Mar-23-2015,3530.71
Mar-24-2015,3509.24
Mar-25-2015,3458.20
Mar-26-2015,3450.04
Mar-27-2015,3458.68
Mar-30-2015,3501.23
Mar-31-2015,3470.68
Apr-01-2015,3457.22
Apr-02-2015,3469.49
Apr-06-2015,3492.43
Apr-07-2015,3485.28
Apr-08-2015,3495.56
Apr-09-2015,3511.15
Apr-10-2015,3529.41
Apr-13-2015,3513.46
Apr-14-2015,3519.19
Apr-15-2015,3537.31
Apr-16-2015,3534.62
Apr-17-2015,3494.64
Apr-20-2015,3526.98
Apr-21-2015,3521.79
Apr-22-2015,3539.80
Apr-23-2015,3548.38
Apr-24-2015,3556.38
Apr-27-2015,3541.66
Apr-28-2015,3551.70
Apr-29-2015,3538.58
Apr-30-2015,3502.86
May-01-2015,3541.12
May-04-2015,3551.53
May-05-2015,3509.72
May-06-2015,3494.99
May-07-2015,3508.80
May-08-2015,3556.07
May-11-2015,3538.47
May-12-2015,3528.16
May-13-2015,3527.63
May-14-2015,3565.93
May-15-2015,3568.98
May-18-2015,3580.00
May-19-2015,3578.19
May-20-2015,3575.14
May-21-2015,3583.84
May-22-2015,3575.87
May-26-2015,3539.14
May-27-2015,3571.98
May-28-2015,3567.89
May-29-2015,3545.41
Jun-01-2015,3552.96
Jun-02-2015,3549.50
Jun-03-2015,3557.49
Jun-04-2015,3526.86
Jun-05-2015,3521.89
Jun-08-2015,3499.50
Jun-09-2015,3501.03
Jun-10-2015,3543.36
Jun-11-2015,3550.24
Jun-12-2015,3525.56
Jun-15-2015,3509.31
Jun-16-2015,3529.32
Jun-17-2015,3536.36
Jun-18-2015,3571.69
Jun-19-2015,3552.75
Jun-22-2015,3574.40
Jun-23-2015,3576.89
Jun-24-2015,3550.66
Jun-25-2015,3540.20
Jun-26-2015,3539.26
Jun-29-2015,3465.66
Jun-30-2015,3475.02
Jul-01-2015,3499.72
Jul-02-2015,3498.63
Jul-06-2015,3485.20
Jul-07-2015,3506.42
Jul-08-2015,3448.75
Jul-09-2015,3456.57
Jul-10-2015,3499.21
Jul-13-2015,3538.16
Jul-14-2015,3553.93
Jul-15-2015,3551.36
Jul-16-2015,3579.88
Jul-17-2015,3583.85
Jul-20-2015,3586.67
Jul-21-2015,3571.48
Jul-22-2015,3563.21
Jul-23-2015,3543.15
Jul-24-2015,3505.24
Jul-27-2015,3485.00
Jul-28-2015,3528.19
Jul-29-2015,3554.31
Jul-30-2015,3554.61
Jul-31-2015,3546.56
Aug-03-2015,3536.79
Aug-04-2015,3528.91
Aug-05-2015,3540.84
Aug-06-2015,3514.08
Aug-07-2015,3504.06
Aug-10-2015,3549.01
Aug-11-2015,3515.55
Aug-12-2015,3519.45
Aug-13-2015,3515.34
Aug-14-2015,3529.10
Aug-17-2015,3547.96
Aug-18-2015,3539.11
Aug-19-2015,3510.06
Aug-20-2015,3436.00
Aug-21-2015,3326.94
Aug-24-2015,3195.88
Aug-25-2015,3152.68
Aug-26-2015,3275.93
Aug-27-2015,3355.77
Aug-28-2015,3358.10
Aug-31-2015,3330.19
Sep-01-2015,3231.81
Sep-02-2015,3291.32
Sep-03-2015,3295.27
Sep-04-2015,3244.94
Sep-08-2015,3326.61
Sep-09-2015,3280.57
Sep-10-2015,3298.08
Sep-11-2015,3313.59
Sep-14-2015,3300.19
Sep-15-2015,3342.56
Sep-16-2015,3371.76
Sep-17-2015,3363.51
Sep-18-2015,3309.16
Sep-21-2015,3324.29
Sep-22-2015,3283.41
Sep-23-2015,3276.79
Sep-24-2015,3265.78
Sep-25-2015,3264.26
Sep-28-2015,3181.14
Sep-29-2015,3185.19
Sep-30-2015,3246.09
Oct-01-2015,3252.66
Oct-02-2015,3299.45
Oct-05-2015,3359.92
Oct-06-2015,3347.85
Oct-07-2015,3375.67
Oct-08-2015,3405.45
Oct-09-2015,3408.00
Oct-12-2015,3412.33
Oct-13-2015,3389.28
Oct-14-2015,3373.43
Oct-15-2015,3423.66
Oct-16-2015,3439.31
Oct-19-2015,3440.28
Oct-20-2015,3435.45
Oct-21-2015,3415.75
Oct-22-2015,3472.60
Oct-23-2015,3510.92
Oct-26-2015,3504.22
Oct-27-2015,3495.27
Oct-28-2015,3536.90
Oct-29-2015,3535.58
Oct-30-2015,3518.58
Nov-02-2015,3560.36
Nov-03-2015,3570.11
Nov-04-2015,3558.34
Nov-05-2015,3554.83
Nov-06-2015,3553.88
Nov-09-2015,3519.48
Nov-10-2015,3525.43
Nov-11-2015,3514.06
Nov-12-2015,3465.34
Nov-13-2015,3426.53
Nov-16-2015,3478.01
Nov-17-2015,3473.87
Nov-18-2015,3530.22
Nov-19-2015,3526.36
Nov-20-2015,3540.17
Nov-23-2015,3535.91
Nov-24-2015,3540.30
Nov-25-2015,3540.10
Nov-27-2015,3542.74
Nov-30-2015,3526.43
Dec-01-2015,3564.30
Dec-02-2015,3525.68
Dec-03-2015,3475.10
Dec-04-2015,3546.45
Dec-07-2015,3521.85
Dec-08-2015,3499.21
Dec-09-2015,3472.29
Dec-10-2015,3480.37
Dec-11-2015,3413.16
Dec-14-2015,3429.55
Dec-15-2015,3465.99
Dec-16-2015,3516.52
Dec-17-2015,3464.00
Dec-18-2015,3402.36
Dec-21-2015,3429.11
Dec-22-2015,3459.59
Dec-23-2015,3502.74
Dec-24-2015,3497.15
Dec-28-2015,3489.54
Dec-29-2015,3527.11
Dec-30-2015,3501.90
Dec-31-2015,3468.95
Jan-04-2016,3416.42
Jan-05-2016,3423.30
Jan-06-2016,3379.25
Jan-07-2016,3299.22
Jan-08-2016,3263.48
Jan-11-2016,3266.26
Jan-12-2016,3291.75
Jan-13-2016,3209.83
Jan-14-2016,3263.45
Jan-15-2016,3193.06
Jan-19-2016,3194.78
Jan-20-2016,3157.74
Jan-21-2016,3174.22
Jan-22-2016,3238.61
Jan-25-2016,3187.98
Jan-26-2016,3233.07
Jan-27-2016,3198.10
Jan-28-2016,3215.98
Jan-29-2016,3295.65
Feb-01-2016,3294.26
Feb-02-2016,3232.58
Feb-03-2016,3249.50
Feb-04-2016,3254.91
Feb-05-2016,3194.88
Feb-08-2016,3149.86
Feb-09-2016,3148.24
Feb-10-2016,3148.40
Feb-11-2016,3110.08
Feb-12-2016,3171.02
Feb-16-2016,3224.14
Feb-17-2016,3277.51
Feb-18-2016,3262.34
Feb-19-2016,3262.58
Feb-22-2016,3309.74
Feb-23-2016,3268.66
Feb-24-2016,3283.29
Feb-25-2016,3321.11
Feb-26-2016,3315.17
Feb-29-2016,3288.45
Mar-01-2016,3366.99
Mar-02-2016,3381.21
Mar-03-2016,3393.28
Mar-04-2016,3404.55
Mar-07-2016,3407.72
Mar-08-2016,3369.86
Mar-09-2016,3387.30
Mar-10-2016,3387.97
Mar-11-2016,3444.19
Mar-14-2016,3440.00
Mar-15-2016,3433.73
Mar-16-2016,3453.11
Mar-17-2016,3475.92
Mar-18-2016,3491.22
Mar-21-2016,3494.68
Mar-22-2016,3491.99
Mar-23-2016,3469.70
Mar-24-2016,3468.38
Mar-28-2016,3470.30
Mar-29-2016,3501.40
Mar-30-2016,3516.88
Mar-31-2016,3509.72
Apr-01-2016,3531.95
Apr-04-2016,3521.16
Apr-05-2016,3485.44
Apr-06-2016,3522.96
Apr-07-2016,3480.85
Apr-08-2016,3490.58
Apr-11-2016,3481.01
Apr-12-2016,3514.73
Apr-13-2016,3550.39
Apr-14-2016,3551.25
Apr-15-2016,3547.76
Apr-18-2016,3571.01
Apr-19-2016,3582.02
Apr-20-2016,3584.89
Apr-21-2016,3566.34
Apr-22-2016,3566.52
Apr-25-2016,3560.06
Apr-26-2016,3566.72
Apr-27-2016,3572.80
Apr-28-2016,3539.99
Apr-29-2016,3522.08
May-02-2016,3549.61
May-03-2016,3518.87
May-04-2016,3498.51
May-05-2016,3498.26
May-06-2016,3509.70
May-09-2016,3512.37
May-10-2016,3556.26
May-11-2016,3523.56
May-12-2016,3523.20
May-13-2016,3493.53
May-16-2016,3527.99
May-17-2016,3495.55
May-18-2016,3496.63
May-19-2016,3483.70
May-20-2016,3505.05
May-23-2016,3497.84
May-24-2016,3545.75
May-25-2016,3570.63
May-26-2016,3570.23
May-27-2016,3585.98
May-31-2016,3582.55
Jun-01-2016,3587.03
Jun-02-2016,3597.46
Jun-03-2016,3587.01
Jun-06-2016,3604.64
Jun-07-2016,3609.34
Jun-08-2016,3621.81
Jun-09-2016,3615.70
Jun-10-2016,3582.56
Jun-13-2016,3554.23
Jun-14-2016,3548.00
Jun-15-2016,3541.67
Jun-16-2016,3553.18
Jun-17-2016,3541.61
Jun-20-2016,3562.19
Jun-21-2016,3572.08
Jun-22-2016,3566.20
Jun-23-2016,3613.89
Jun-24-2016,3484.07
Jun-27-2016,3421.02
Jun-28-2016,3482.35
Jun-29-2016,3541.98
Jun-30-2016,3590.02
Jul-01-2016,3597.49
Jul-05-2016,3573.02
Jul-06-2016,3593.04
Jul-07-2016,3590.15
Jul-08-2016,3644.92
Jul-11-2016,3657.35
Jul-12-2016,3683.00
Jul-13-2016,3683.73
Jul-14-2016,3703.16
Jul-15-2016,3699.73
Jul-18-2016,3708.65
Jul-19-2016,3703.39
Jul-20-2016,3719.52
Jul-21-2016,3706.13
Jul-22-2016,3723.02
Jul-25-2016,3711.83
Jul-26-2016,3713.10
Jul-27-2016,3708.75
Jul-28-2016,3714.93
Jul-29-2016,3721.03
Aug-01-2016,3716.30
Aug-02-2016,3692.73
Aug-03-2016,3705.10
Aug-04-2016,3706.54
Aug-05-2016,3738.48
Aug-08-2016,3735.33
Aug-09-2016,3736.89
Aug-10-2016,3727.15
Aug-11-2016,3745.15
Aug-12-2016,3742.30
Aug-15-2016,3753.06
Aug-16-2016,3732.96
Aug-17-2016,3740.59
Aug-18-2016,3748.89
Aug-19-2016,3743.85
Aug-22-2016,3741.79
Aug-23-2016,3749.16
Aug-24-2016,3729.66
Aug-25-2016,3724.61
Aug-26-2016,3718.79
Aug-29-2016,3738.58
Aug-30-2016,3731.71
Aug-31-2016,3723.32
Sep-01-2016,3723.20
Sep-02-2016,3738.98
Sep-06-2016,3750.18
Sep-07-2016,3750.26
Sep-08-2016,3742.04
Sep-09-2016,3650.31
Sep-12-2016,3704.03
Sep-13-2016,3649.88
Sep-14-2016,3647.91
Sep-15-2016,3685.22
Sep-16-2016,3671.34
Sep-19-2016,3671.30
Sep-20-2016,3672.43
Sep-21-2016,3712.55
Sep-22-2016,3736.73
Sep-23-2016,3715.30
Sep-26-2016,3683.60
Sep-27-2016,3707.46
Sep-28-2016,3727.67
Sep-29-2016,3692.99
Sep-30-2016,3722.43
Oct-03-2016,3710.61
Oct-04-2016,3692.47
Oct-05-2016,3709.39
Oct-06-2016,3711.25
Oct-07-2016,3699.26
Oct-10-2016,3716.30
Oct-11-2016,3670.06
Oct-12-2016,3674.48
Oct-13-2016,3663.18
Oct-14-2016,3663.92
Oct-17-2016,3652.87
Oct-18-2016,3675.37
Oct-19-2016,3683.80
Oct-20-2016,3678.92
Oct-21-2016,3678.62
Oct-24-2016,3696.11
Oct-25-2016,3682.15
Oct-26-2016,3675.77
Oct-27-2016,3664.88
Oct-28-2016,3653.64
Oct-31-2016,3653.21
Nov-01-2016,3628.44
Nov-02-2016,3605.09
Nov-03-2016,3590.06
Nov-04-2016,3584.14
Nov-07-2016,3663.82
Nov-08-2016,3678.90
Nov-09-2016,3719.83
Nov-10-2016,3727.33
Nov-11-2016,3722.12
Nov-14-2016,3722.07
Nov-15-2016,3750.52
Nov-16-2016,3745.32
Nov-17-2016,3762.99
Nov-18-2016,3754.43
Nov-21-2016,3782.49
Nov-22-2016,3790.79
Nov-23-2016,3793.95
Nov-25-2016,3808.85
Nov-28-2016,3789.18
Nov-29-2016,3794.87
Nov-30-2016,3785.37
Dec-01-2016,3772.17
Dec-02-2016,3773.67
Dec-05-2016,3795.89
Dec-06-2016,3808.91
Dec-07-2016,3859.57
Dec-08-2016,3868.17
Dec-09-2016,3891.17
Dec-12-2016,3886.90
Dec-13-2016,3912.78
Dec-14-2016,3881.20
Dec-15-2016,3896.40
Dec-16-2016,3889.65
Dec-19-2016,3897.40
Dec-20-2016,3911.97
Dec-21-2016,3902.45
Dec-22-2016,3895.52
Dec-23-2016,3900.67
Dec-27-2016,3909.46
Dec-28-2016,3877.27
Dec-29-2016,3876.25
Dec-30-2016,3858.41
Jan-03-2017,3891.22
Jan-04-2017,3914.11
Jan-05-2017,3911.12
Jan-06-2017,3925.72
Jan-09-2017,3911.81
Jan-10-2017,3911.82
Jan-11-2017,3923.14
Jan-12-2017,3914.79
Jan-13-2017,3922.02
Jan-17-2017,3910.39
Jan-18-2017,3917.73
Jan-19-2017,3903.64
Jan-20-2017,3916.87
Jan-23-2017,3906.41
Jan-24-2017,3932.06
Jan-25-2017,3963.62
Jan-26-2017,3960.76
Jan-27-2017,3957.48
Jan-30-2017,3933.82
Jan-31-2017,3930.34
Feb-01-2017,3932.14
Feb-02-2017,3934.54
Feb-03-2017,3963.37
Feb-06-2017,3955.00
Feb-07-2017,3956.02
Feb-08-2017,3959.65
Feb-09-2017,3982.95
Feb-10-2017,3997.31
Feb-13-2017,4019.00
Feb-14-2017,4035.92
Feb-15-2017,4056.47
Feb-16-2017,4053.26
Feb-17-2017,4060.12
Feb-21-2017,4084.68
Feb-22-2017,4080.52
Feb-23-2017,4082.55
Feb-24-2017,4089.34
Feb-27-2017,4093.91
Feb-28-2017,4083.44
Mar-01-2017,4139.79
Mar-02-2017,4115.77
Mar-03-2017,4117.92
Mar-06-2017,4104.49
Mar-07-2017,4092.73
Mar-08-2017,4084.20
Mar-09-2017,4087.50
Mar-10-2017,4100.91
Mar-13-2017,4103.36
Mar-14-2017,4089.63
Mar-15-2017,4123.98
Mar-16-2017,4117.37
Mar-17-2017,4111.97
Mar-20-2017,4103.79
Mar-21-2017,4053.12
Mar-22-2017,4060.88
Mar-23-2017,4056.62
Mar-24-2017,4053.19
Mar-27-2017,4049.06
Mar-28-2017,4078.44
Mar-29-2017,4083.45
Mar-30-2017,4095.53
Mar-31-2017,4086.29
Apr-03-2017,4079.72
Apr-04-2017,4082.46
Apr-05-2017,4070.28
Apr-06-2017,4078.99
Apr-07-2017,4075.63
Apr-10-2017,4078.59
Apr-11-2017,4073.14
Apr-12-2017,4057.87
Apr-13-2017,4030.23
Apr-17-2017,4064.96
Apr-18-2017,4053.23
Apr-19-2017,4046.67
Apr-20-2017,4077.32
Apr-21-2017,4064.95
Apr-24-2017,4109.06
Apr-25-2017,4134.10
Apr-26-2017,4132.12
Apr-27-2017,4134.70
Apr-28-2017,4126.81
May-01-2017,4133.97
May-02-2017,4138.89
May-03-2017,4134.21
May-04-2017,4136.77
May-05-2017,4153.72
May-08-2017,4154.17
May-09-2017,4150.04
May-10-2017,4155.85
May-11-2017,4147.80
May-12-2017,4141.72
May-15-2017,4161.86
May-16-2017,4159.59
May-17-2017,4084.83
May-18-2017,4099.95
May-19-2017,4127.75
May-22-2017,4149.11
May-23-2017,4156.80
May-24-2017,4167.26
May-25-2017,4186.17
May-26-2017,4187.86
May-30-2017,4183.27
May-31-2017,4181.79
Jun-01-2017,4213.81
Jun-02-2017,4229.48
Jun-05-2017,4224.44
Jun-06-2017,4212.71
Jun-07-2017,4219.93
Jun-08-2017,4221.14
Jun-09-2017,4217.65
Jun-12-2017,4213.73
Jun-13-2017,4233.50
Jun-14-2017,4229.50
Jun-15-2017,4220.57
Jun-16-2017,4221.79
Jun-19-2017,4257.07
Jun-20-2017,4228.59
Jun-21-2017,4226.39
Jun-22-2017,4224.49
Jun-23-2017,4231.08
Jun-26-2017,4232.45
Jun-27-2017,4198.28
Jun-28-2017,4235.85
Jun-29-2017,4199.51
Jun-30-2017,4206.10
Jul-03-2017,4216.10
Jul-05-2017,4222.80
Jul-06-2017,4184.30
Jul-07-2017,4211.13
Jul-10-2017,4215.05
Jul-11-2017,4211.79
Jul-12-2017,4242.82
Jul-13-2017,4250.85
Jul-14-2017,4270.76
Jul-17-2017,4270.63
Jul-18-2017,4273.25
Jul-19-2017,4296.48
Jul-20-2017,4296.02
Jul-21-2017,4294.44
Jul-24-2017,4289.94
Jul-25-2017,4302.47
Jul-26-2017,4303.70
Jul-27-2017,4299.83
Jul-28-2017,4294.17
Jul-31-2017,4291.06
Aug-01-2017,4301.57
Aug-02-2017,4304.27
Aug-03-2017,4295.44
Aug-04-2017,4303.62
Aug-07-2017,4310.79
Aug-08-2017,4300.74
Aug-09-2017,4299.53
Aug-10-2017,4238.38
Aug-11-2017,4243.98
Aug-14-2017,4286.76
Aug-15-2017,4285.32
Aug-16-2017,4292.26
Aug-17-2017,4226.13
Aug-18-2017,4218.46
Aug-21-2017,4223.44
Aug-22-2017,4265.54
Aug-23-2017,4251.08
Aug-24-2017,4242.31
Aug-25-2017,4249.74
Aug-28-2017,4251.94
Aug-29-2017,4255.94
Aug-30-2017,4276.36
Aug-31-2017,4300.96
Sep-01-2017,4309.68
Sep-05-2017,4277.14
Sep-06-2017,4290.55
Sep-07-2017,4290.47
Sep-08-2017,4284.21
Sep-11-2017,4330.68
Sep-12-2017,4345.44
Sep-13-2017,4348.77
Sep-14-2017,4344.97
Sep-15-2017,4353.38
Sep-18-2017,4359.83
Sep-19-2017,4364.70
Sep-20-2017,4367.47
Sep-21-2017,4354.28
Sep-22-2017,4357.16
Sep-25-2017,4347.48
Sep-26-2017,4348.03
Sep-27-2017,4365.80
Sep-28-2017,4371.70
Sep-29-2017,4387.96
Oct-02-2017,4404.97
Oct-03-2017,4414.62
Oct-04-2017,4420.33
Oct-05-2017,4445.82
Oct-06-2017,4442.04
Oct-09-2017,4434.02
Oct-10-2017,4444.40
Oct-11-2017,4452.47
Oct-12-2017,4445.24
Oct-13-2017,4449.18
Oct-16-2017,4457.04
Oct-17-2017,4460.03
Oct-18-2017,4463.47
Oct-19-2017,4465.19
Oct-20-2017,4488.25
Oct-23-2017,4470.49
Oct-24-2017,4477.81
Oct-25-2017,4456.93
Oct-26-2017,4462.59
Oct-27-2017,4498.62
Oct-30-2017,4484.51
Oct-31-2017,4488.85
Nov-01-2017,4495.99
Nov-02-2017,4497.18
Nov-03-2017,4511.42
Nov-06-2017,4517.42
Nov-07-2017,4516.59
Nov-08-2017,4523.16
Nov-09-2017,4506.92
Nov-10-2017,4504.01
Nov-13-2017,4508.52
Nov-14-2017,4498.59
Nov-15-2017,4474.45
Nov-16-2017,4512.15
Nov-17-2017,4500.42
Nov-20-2017,4506.26
Nov-21-2017,4535.78
Nov-22-2017,4532.66
Nov-24-2017,4542.13
Nov-27-2017,4540.73
Nov-28-2017,4585.58
Nov-29-2017,4584.30
Nov-30-2017,4623.04
Dec-01-2017,4613.80
Dec-04-2017,4609.02
Dec-05-2017,4591.93
Dec-06-2017,4591.48
Dec-07-2017,4605.51
Dec-08-2017,4631.21
Dec-11-2017,4646.05
Dec-12-2017,4653.36
Dec-13-2017,4651.27
Dec-14-2017,4632.89
Dec-15-2017,4674.64
Dec-18-2017,4699.85
Dec-19-2017,4684.72
Dec-20-2017,4681.27
Dec-21-2017,4690.57
Dec-22-2017,4688.44
Dec-26-2017,4683.64
Dec-27-2017,4687.57
Dec-28-2017,4696.79
Dec-29-2017,4672.65
Jan-02-2018,4711.60
Jan-03-2018,4741.75
Jan-04-2018,4761.55
Jan-05-2018,4795.03
Jan-08-2018,4803.06
Jan-09-2018,4810.32
Jan-10-2018,4805.00
Jan-11-2018,4839.06
Jan-12-2018,4871.73
Jan-16-2018,4854.62
Jan-17-2018,4900.32
Jan-18-2018,4892.70
Jan-19-2018,4914.25
Jan-22-2018,4953.94
Jan-23-2018,4964.85
Jan-24-2018,4962.07
Jan-25-2018,4965.07
Jan-26-2018,5023.92
Jan-29-2018,4990.31
Jan-30-2018,4936.16
Jan-31-2018,4938.67
Feb-01-2018,4936.13
Feb-02-2018,4831.66
Feb-05-2018,4633.68
Feb-06-2018,4714.85
Feb-07-2018,4691.35
Feb-08-2018,4515.73
Feb-09-2018,4584.21
Feb-12-2018,4648.11
Feb-13-2018,4660.44
Feb-14-2018,4723.83
Feb-15-2018,4781.65
Feb-16-2018,4783.73
Feb-20-2018,4756.02
Feb-21-2018,4729.95
Feb-22-2018,4734.83
Feb-23-2018,4810.93
Feb-26-2018,4867.90
Feb-27-2018,4806.54
Feb-28-2018,4753.55
Mar-01-2018,4690.73
Mar-02-2018,4714.82
Mar-05-2018,4766.86
Mar-06-2018,4779.61
Mar-07-2018,4777.53
Mar-08-2018,4799.76
Mar-09-2018,4883.25
Mar-12-2018,4877.05
Mar-13-2018,4846.21
Mar-14-2018,4819.41
Mar-15-2018,4815.85
Mar-16-2018,4824.17
Mar-19-2018,4755.67
Mar-20-2018,4762.77
Mar-21-2018,4754.35
Mar-22-2018,4634.84
Mar-23-2018,4537.70
Mar-26-2018,4660.94
Mar-27-2018,4580.42
Mar-28-2018,4567.60
Mar-29-2018,4630.64
Apr-02-2018,4527.24
Apr-03-2018,4584.48
Apr-04-2018,4637.74
Apr-05-2018,4670.04
Apr-06-2018,4567.74
Apr-09-2018,4583.93
Apr-10-2018,4660.70
Apr-11-2018,4635.10
Apr-12-2018,4673.73
Apr-13-2018,4660.30
Apr-16-2018,4698.18
Apr-17-2018,4748.27
Apr-18-2018,4752.22
Apr-19-2018,4725.41
Apr-20-2018,4685.24
Apr-23-2018,4685.50
Apr-24-2018,4622.88
Apr-25-2018,4631.37
Apr-26-2018,4679.71
Apr-27-2018,4685.11
Apr-30-2018,4646.86
May-01-2018,4658.72
May-02-2018,4625.15
May-03-2018,4615.07
May-04-2018,4674.79
May-07-2018,4691.01
May-08-2018,4689.80
May-09-2018,4735.59
May-10-2018,4780.73
May-11-2018,4790.05
May-14-2018,4794.44
May-15-2018,4761.79
May-16-2018,4782.05
May-17-2018,4778.92
May-18-2018,4766.62
May-21-2018,4801.92
May-22-2018,4786.93
May-23-2018,4802.57
May-24-2018,4792.98
May-25-2018,4782.07
May-29-2018,4726.91
May-30-2018,4787.52
May-31-2018,4755.32
Jun-01-2018,4807.21
Jun-04-2018,4828.83
Jun-05-2018,4832.42
Jun-06-2018,4873.93
Jun-07-2018,4871.06
Jun-08-2018,4886.42
Jun-11-2018,4891.67
Jun-12-2018,4900.34
Jun-13-2018,4880.74
Jun-14-2018,4893.85
Jun-15-2018,4889.23
Jun-18-2018,4878.88
Jun-19-2018,4859.42
Jun-20-2018,4867.73
Jun-21-2018,4837.17
Jun-22-2018,4846.27
Jun-25-2018,4779.77
Jun-26-2018,4790.30
Jun-27-2018,4749.08
Jun-28-2018,4778.87
Jun-29-2018,4782.71
Jul-02-2018,4797.54
Jul-03-2018,4773.80
Jul-05-2018,4815.77
Jul-06-2018,4856.85
Jul-09-2018,4900.69
Jul-10-2018,4917.78
Jul-11-2018,4882.89
Jul-12-2018,4925.95
Jul-13-2018,4931.29
Jul-16-2018,4926.38
Jul-17-2018,4946.01
Jul-18-2018,4956.69
Jul-19-2018,4937.46
Jul-20-2018,4932.92
Jul-23-2018,4941.99
Jul-24-2018,4965.79
Jul-25-2018,5011.01
Jul-26-2018,4995.82
Jul-27-2018,4963.04
Jul-30-2018,4934.77
Jul-31-2018,4958.98
Aug-01-2018,4953.83
Aug-02-2018,4978.59
Aug-03-2018,5002.19
Aug-06-2018,5020.21
Aug-07-2018,5034.43
Aug-08-2018,5033.21
Aug-09-2018,5026.87
Aug-10-2018,4992.16
Aug-13-2018,4972.22
Aug-14-2018,5004.29
Aug-15-2018,4966.89
Aug-16-2018,5007.27
Aug-17-2018,5024.20
Aug-20-2018,5036.54
Aug-21-2018,5047.08
Aug-22-2018,5045.17
Aug-23-2018,5036.86
Aug-24-2018,5068.11
Aug-27-2018,5107.39
Aug-28-2018,5108.80
Aug-29-2018,5138.23
Aug-30-2018,5116.06
Aug-31-2018,5117.11
Sep-04-2018,5108.98
Sep-05-2018,5094.69
Sep-06-2018,5077.13
Sep-07-2018,5066.18
Sep-10-2018,5075.79
Sep-11-2018,5095.02
Sep-12-2018,5096.87
Sep-13-2018,5124.74
Sep-14-2018,5126.68
Sep-17-2018,5098.19
Sep-18-2018,5125.70
Sep-19-2018,5132.13
Sep-20-2018,5172.53
Sep-21-2018,5170.70
Sep-24-2018,5152.54
Sep-25-2018,5146.07
Sep-26-2018,5129.13
Sep-27-2018,5143.98
Sep-28-2018,5144.09
Oct-01-2018,5162.85
Oct-02-2018,5160.93
Oct-03-2018,5164.61
Oct-04-2018,5123.26
Oct-05-2018,5094.98
Oct-08-2018,5092.98
Oct-09-2018,5086.80
Oct-10-2018,4919.65
Oct-11-2018,4818.45
Oct-12-2018,4887.26
Oct-15-2018,4858.48
Oct-16-2018,4963.01
Oct-17-2018,4961.90
Oct-18-2018,4890.83
Oct-19-2018,4889.15
Oct-22-2018,4868.22
Oct-23-2018,4841.56
Oct-24-2018,4692.13
Oct-25-2018,4779.51
Oct-26-2018,4696.70
Oct-29-2018,4665.93
Oct-30-2018,4739.33
Oct-31-2018,4790.87
Nov-01-2018,4841.54
Nov-02-2018,4811.26
Nov-05-2018,4838.30
Nov-06-2018,4868.85
Nov-07-2018,4972.15
Nov-08-2018,4961.50
Nov-09-2018,4916.45
Nov-12-2018,4819.59
Nov-13-2018,4812.57
Nov-14-2018,4777.02
Nov-15-2018,4828.72
Nov-16-2018,4839.70
Nov-19-2018,4759.25
Nov-20-2018,4673.11
Nov-21-2018,4687.61
Nov-23-2018,4657.05
Nov-26-2018,4729.77
Nov-27-2018,4745.23
Nov-28-2018,4854.46
Nov-29-2018,4844.62
Nov-30-2018,4884.87
Dec-03-2018,4938.32
Dec-04-2018,4778.69
Dec-06-2018,4772.46
Dec-07-2018,4661.70
Dec-10-2018,4669.95
Dec-11-2018,4668.45
Dec-12-2018,4693.78
Dec-13-2018,4693.45
Dec-14-2018,4604.27
Dec-17-2018,4508.80
Dec-18-2018,4509.39
Dec-19-2018,4440.26
Dec-20-2018,4370.30
Dec-21-2018,4280.32
Dec-24-2018,4164.50
Dec-26-2018,4371.10
Dec-27-2018,4408.80
Dec-28-2018,4403.83
Dec-31-2018,4441.63
Jan-02-2019,4447.28
Jan-03-2019,4337.99
Jan-04-2019,4486.93
Jan-07-2019,4518.39
Jan-08-2019,4562.27
Jan-09-2019,4581.99
Jan-10-2019,4602.70
Jan-11-2019,4602.02
Jan-14-2019,4578.20
Jan-15-2019,4627.35
Jan-16-2019,4637.71
Jan-17-2019,4673.23
Jan-18-2019,4734.94
Jan-22-2019,4668.04
Jan-23-2019,4678.32
Jan-24-2019,4684.86
Jan-25-2019,4724.74
Jan-28-2019,4687.66
Jan-29-2019,4680.89
Jan-30-2019,4754.05
Jan-31-2019,4795.64
Feb-01-2019,4800.40
Feb-04-2019,4832.98
Feb-05-2019,4855.77
Feb-06-2019,4845.30
Feb-07-2019,4800.45
Feb-08-2019,4804.81
Feb-11-2019,4808.25
Feb-12-2019,4870.47
Feb-13-2019,4885.48
Feb-14-2019,4873.71
Feb-15-2019,4926.98
Feb-19-2019,4934.62
Feb-20-2019,4944.06
Feb-21-2019,4926.93
Feb-22-2019,4958.62
Feb-25-2019,4965.21
Feb-26-2019,4961.33
Feb-27-2019,4959.17
Feb-28-2019,4946.19
Mar-01-2019,4980.49
Mar-04-2019,4961.24
Mar-05-2019,4955.74
Mar-06-2019,4923.57
Mar-07-2019,4884.29
Mar-08-2019,4874.20
Mar-11-2019,4945.72
Mar-12-2019,4960.50
Mar-13-2019,4995.21
Mar-14-2019,4992.06
Mar-15-2019,5017.08
Mar-18-2019,5035.71
Mar-19-2019,5035.16
Mar-20-2019,5020.49
Mar-21-2019,5075.16
Mar-22-2019,4979.14
Mar-25-2019,4975.23
Mar-26-2019,5010.96
Mar-27-2019,4987.74
Mar-28-2019,5006.19
Mar-29-2019,5040.06
Apr-01-2019,5098.40
Apr-02-2019,5098.62
Apr-03-2019,5109.58
Apr-04-2019,5121.05
Apr-05-2019,5144.83
Apr-08-2019,5150.28
Apr-09-2019,5120.12
Apr-10-2019,5138.23
Apr-11-2019,5138.47
Apr-12-2019,5172.80
Apr-15-2019,5169.62
Apr-16-2019,5172.25
Apr-17-2019,5160.86
Apr-18-2019,5169.09
Apr-22-2019,5174.42
Apr-23-2019,5220.34
Apr-24-2019,5208.91
Apr-25-2019,5206.99
Apr-26-2019,5231.50
Apr-29-2019,5237.27
Apr-30-2019,5242.36
May-01-2019,5203.06
May-02-2019,5192.15
May-03-2019,5242.56
May-06-2019,5219.43
May-07-2019,5133.27
May-08-2019,5125.13
May-09-2019,5110.89
May-10-2019,5131.14
May-13-2019,5007.45
May-14-2019,5048.00
May-15-2019,5078.19
May-16-2019,5124.38
May-17-2019,5094.84
May-20-2019,5060.51
May-21-2019,5103.59
May-22-2019,5089.25
May-23-2019,5028.98
May-24-2019,5036.32
May-28-2019,4994.15
May-29-2019,4959.73
May-30-2019,4970.62
May-31-2019,4905.71
Jun-03-2019,4892.16
Jun-04-2019,4997.20
Jun-05-2019,5038.41
Jun-06-2019,5070.29
Jun-07-2019,5123.86
Jun-10-2019,5147.75
Jun-11-2019,5146.14
Jun-12-2019,5135.71
Jun-13-2019,5157.83
Jun-14-2019,5150.01
Jun-17-2019,5154.83
Jun-18-2019,5205.03
Jun-19-2019,5220.57
Jun-20-2019,5270.37
Jun-21-2019,5263.95
Jun-24-2019,5254.84
Jun-25-2019,5204.95
Jun-26-2019,5198.52
Jun-27-2019,5218.95
Jun-28-2019,5249.16
Jul-01-2019,5289.47
Jul-02-2019,5305.10
Jul-03-2019,5346.70
Jul-05-2019,5337.43
Jul-08-2019,5311.68
Jul-09-2019,5319.33
Jul-10-2019,5343.37
Jul-11-2019,5355.59
Jul-12-2019,5380.70
Jul-15-2019,5381.64
Jul-16-2019,5363.44
Jul-17-2019,5328.47
Jul-18-2019,5347.94
Jul-19-2019,5315.05
Jul-22-2019,5330.18
Jul-23-2019,5366.75
Jul-24-2019,5392.05
Jul-25-2019,5363.70
Jul-26-2019,5403.37
Jul-29-2019,5394.65
Jul-30-2019,5381.12
Jul-31-2019,5322.64
Aug-01-2019,5275.12
Aug-02-2019,5237.03
Aug-05-2019,5081.27
Aug-06-2019,5147.69
Aug-07-2019,5151.73
Aug-08-2019,5249.32
Aug-09-2019,5215.16
Aug-12-2019,5152.25
Aug-13-2019,5229.65
Aug-14-2019,5077.50
Aug-15-2019,5090.69
Aug-16-2019,5164.72
Aug-19-2019,5227.45
Aug-20-2019,5186.35
Aug-21-2019,5229.27
Aug-22-2019,5226.73
Aug-23-2019,5091.14
Aug-26-2019,5147.50
Aug-27-2019,5131.02
Aug-28-2019,5164.74
Aug-29-2019,5230.88
Aug-30-2019,5234.73
Sep-03-2019,5198.88
Sep-04-2019,5255.55
Sep-05-2019,5324.78
Sep-06-2019,5329.77
Sep-09-2019,5329.57
Sep-10-2019,5331.41
Sep-11-2019,5370.14
Sep-12-2019,5386.19
Sep-13-2019,5383.32
Sep-16-2019,5366.56
Sep-17-2019,5380.43
Sep-18-2019,5382.30
Sep-19-2019,5382.63
Sep-20-2019,5356.46
Sep-23-2019,5355.94
Sep-24-2019,5311.16
Sep-25-2019,5343.87
Sep-26-2019,5331.12
Sep-27-2019,5303.32
Sep-30-2019,5330.28
Oct-01-2019,5265.10
Oct-02-2019,5170.83
Oct-03-2019,5212.96
Oct-04-2019,5287.09
Oct-07-2019,5263.43
Oct-08-2019,5181.61
Oct-09-2019,5229.93
Oct-10-2019,5263.57
Oct-11-2019,5321.49
Oct-14-2019,5314.11
Oct-15-2019,5367.03
Oct-16-2019,5356.55
Oct-17-2019,5371.64
Oct-18-2019,5350.68
Oct-21-2019,5387.56
Oct-22-2019,5368.45
Oct-23-2019,5383.87
Oct-24-2019,5394.22
Oct-25-2019,5416.25
Oct-28-2019,5446.48
Oct-29-2019,5442.00
Oct-30-2019,5460.01
Oct-31-2019,5443.77
Nov-01-2019,5496.70
Nov-04-2019,5517.11
Nov-05-2019,5510.58
Nov-06-2019,5514.73
Nov-07-2019,5531.60
Nov-08-2019,5546.48
Nov-11-2019,5535.57
Nov-12-2019,5544.45
Nov-13-2019,5548.53
Nov-14-2019,5554.17
Nov-15-2019,5597.59
Nov-18-2019,5600.47
Nov-19-2019,5597.39
Nov-20-2019,5577.13
Nov-21-2019,5568.54
Nov-22-2019,5580.70
Nov-25-2019,5623.07
Nov-26-2019,5635.51
Nov-27-2019,5659.51
Nov-29-2019,5637.69
Dec-02-2019,5589.17
Dec-03-2019,5552.19
Dec-04-2019,5587.71
Dec-05-2019,5597.17
Dec-06-2019,5648.50
Dec-09-2019,5630.96
Dec-10-2019,5624.91
Dec-11-2019,5641.31
Dec-12-2019,5690.25
Dec-13-2019,5691.36
Dec-16-2019,5732.15
Dec-17-2019,5734.10
Dec-18-2019,5731.96
Dec-19-2019,5757.78
Dec-20-2019,5786.47
Dec-23-2019,5791.47
Dec-24-2019,5790.63
Dec-26-2019,5820.70
Dec-27-2019,5820.96
Dec-30-2019,5787.84
Dec-31-2019,5805.15
Jan-02-2020,5854.29
Jan-03-2020,5813.39
Jan-06-2020,5833.95
Jan-07-2020,5818.01
Jan-08-2020,5846.66
Jan-09-2020,5886.66
Jan-10-2020,5869.86
Jan-13-2020,5910.82
Jan-14-2020,5902.27
Jan-15-2020,5913.38
Jan-16-2020,5963.00
Jan-17-2020,5986.13
Jan-21-2020,5970.33
Jan-22-2020,5972.20
Jan-23-2020,5979.32
Jan-24-2020,5925.37
Jan-27-2020,5832.16
Jan-28-2020,5890.88
Jan-29-2020,5885.86
Jan-30-2020,5904.93
Jan-31-2020,5800.72
Feb-03-2020,5842.87
Feb-04-2020,5930.40
Feb-05-2020,5997.21
Feb-06-2020,6017.86
Feb-07-2020,5986.18
Feb-10-2020,6030.68
Feb-11-2020,6041.02
Feb-12-2020,6080.21
Feb-13-2020,6071.65
Feb-14-2020,6083.54
Feb-18-2020,6066.04
Feb-19-2020,6095.32
Feb-20-2020,6072.27
Feb-21-2020,6008.54
Feb-24-2020,5807.70
Feb-25-2020,5631.92
Feb-26-2020,5610.68
Feb-27-2020,5363.66
Feb-28-2020,5320.09
Mar-02-2020,5565.11
Mar-03-2020,5408.80
Mar-04-2020,5637.28
Mar-05-2020,5446.87
Mar-06-2020,5354.10
Mar-09-2020,4947.73
Mar-10-2020,5192.23
Mar-11-2020,4938.75
Mar-12-2020,4469.70
Mar-13-2020,4885.86
Mar-16-2020,4300.48
Mar-17-2020,4558.41
Mar-18-2020,4322.14
Mar-19-2020,4342.72
Mar-20-2020,4154.93
Mar-23-2020,4033.22
Mar-24-2020,4411.95
Mar-25-2020,4462.86
Mar-26-2020,4741.55
Mar-27-2020,4581.83
Mar-30-2020,4735.92
Mar-31-2020,4660.43
Apr-01-2020,4454.73
Apr-02-2020,4556.95
Apr-03-2020,4488.39
Apr-06-2020,4804.11
Apr-07-2020,4796.45
Apr-08-2020,4960.61
Apr-09-2020,5032.93
Apr-13-2020,4982.14
Apr-14-2020,5134.89
Apr-15-2020,5022.00
Apr-16-2020,5051.23
Apr-17-2020,5186.72
Apr-20-2020,5093.96
Apr-21-2020,4937.81
Apr-22-2020,5051.13
Apr-23-2020,5048.69
Apr-24-2020,5119.05
Apr-27-2020,5194.43
Apr-28-2020,5167.23
Apr-29-2020,5304.71
Apr-30-2020,5255.98
May-01-2020,5108.90
May-04-2020,5130.64
May-05-2020,5177.01
May-06-2020,5141.17
May-07-2020,5201.60
May-08-2020,5290.06
May-11-2020,5291.02
May-12-2020,5182.94
May-13-2020,5092.68
May-14-2020,5152.14
May-15-2020,5172.75
May-18-2020,5336.13
May-19-2020,5280.52
May-20-2020,5369.14
May-21-2020,5327.65
May-22-2020,5340.84
May-26-2020,5406.53
May-27-2020,5486.77
May-28-2020,5475.65
May-29-2020,5502.60
Jun-01-2020,5523.44
Jun-02-2020,5568.91
Jun-03-2020,5645.31
Jun-04-2020,5627.15
Jun-05-2020,5774.70
Jun-08-2020,5844.31
Jun-09-2020,5799.02
Jun-10-2020,5768.22
Jun-11-2020,5428.68
Jun-12-2020,5500.74
Jun-15-2020,5546.59
Jun-16-2020,5651.83
Jun-17-2020,5631.48
Jun-18-2020,5634.97
Jun-19-2020,5603.87
Jun-22-2020,5640.27
Jun-23-2020,5664.58
Jun-24-2020,5518.15
Jun-25-2020,5578.82
Jun-26-2020,5443.71
Jun-29-2020,5524.13
Jun-30-2020,5609.56
Jul-01-2020,5637.85
Jul-02-2020,5664.33
Jul-06-2020,5754.30
Jul-07-2020,5692.07
Jul-08-2020,5736.68
Jul-09-2020,5705.44
Jul-10-2020,5765.17
Jul-13-2020,5711.20
Jul-14-2020,5788.29
Jul-15-2020,5840.94
Jul-16-2020,5821.18
Jul-17-2020,5837.97
Jul-20-2020,5887.05
Jul-21-2020,5896.99
Jul-22-2020,5930.98
Jul-23-2020,5858.23
Jul-24-2020,5822.05
Jul-27-2020,5865.12
Jul-28-2020,5827.20
Jul-29-2020,5899.63
Jul-30-2020,5878.17
Jul-31-2020,5923.70
Aug-03-2020,5966.37
Aug-04-2020,5987.91
Aug-05-2020,6026.42
Aug-06-2020,6065.62
Aug-07-2020,6070.35
Aug-10-2020,6087.05
Aug-11-2020,6038.56
Aug-12-2020,6123.71
Aug-13-2020,6112.24
Aug-14-2020,6111.50
Aug-17-2020,6128.18
Aug-18-2020,6142.96
Aug-19-2020,6116.62
Aug-20-2020,6136.09
Aug-21-2020,6157.46
Aug-24-2020,6219.81
Aug-25-2020,6242.23
Aug-26-2020,6305.91
Aug-27-2020,6316.74
Aug-28-2020,6359.71
Aug-31-2020,6346.27
Sep-01-2020,6394.11
Sep-02-2020,6492.84
Sep-03-2020,6265.62
Sep-04-2020,6214.66
Sep-08-2020,6042.35
Sep-09-2020,6164.30
Sep-10-2020,6056.11
Sep-11-2020,6059.54
Sep-14-2020,6138.09
Sep-15-2020,6170.20
Sep-16-2020,6141.86
Sep-17-2020,6090.25
Sep-18-2020,6022.21
Sep-21-2020,5952.74
Sep-22-2020,6015.37
Sep-23-2020,5872.98
Sep-24-2020,5890.73
Sep-25-2020,5984.98
Sep-28-2020,6081.41
Sep-29-2020,6052.68
Sep-30-2020,6102.78
Oct-01-2020,6135.54
Oct-02-2020,6076.84
Oct-05-2020,6186.52
Oct-06-2020,6100.16
Oct-07-2020,6206.42
Oct-08-2020,6257.44
Oct-09-2020,6312.54
Oct-12-2020,6416.17
Oct-13-2020,6375.71
Oct-14-2020,6333.92
Oct-15-2020,6324.37
Oct-16-2020,6325.30
Oct-19-2020,6222.02
Oct-20-2020,6251.50
Oct-21-2020,6237.87
Oct-22-2020,6270.80
Oct-23-2020,6292.49
Oct-26-2020,6175.55
Oct-27-2020,6156.94
Oct-28-2020,5939.67
Oct-29-2020,6010.99
Oct-30-2020,5938.52
Nov-02-2020,6011.73
Nov-03-2020,6118.53
Nov-04-2020,6253.68
Nov-05-2020,6376.21
Nov-06-2020,6374.95
Nov-09-2020,6449.94
Nov-10-2020,6441.67
Nov-11-2020,6490.95
Nov-12-2020,6427.11
Nov-13-2020,6515.01
Nov-16-2020,6590.96
Nov-17-2020,6560.04
Nov-18-2020,6485.02
Nov-19-2020,6510.91
Nov-20-2020,6466.73
Nov-23-2020,6503.69
Nov-24-2020,6608.86
Nov-25-2020,6598.55
Nov-27-2020,6614.84
Nov-30-2020,6585.16
Dec-01-2020,6659.53
Dec-02-2020,6671.89
Dec-03-2020,6668.59
Dec-04-2020,6727.81
Dec-07-2020,6714.80
Dec-08-2020,6733.62
Dec-09-2020,6680.33
Dec-10-2020,6672.09
Dec-11-2020,6663.75
Dec-14-2020,6635.55
Dec-15-2020,6721.35
Dec-16-2020,6733.28
Dec-17-2020,6772.27
Dec-18-2020,6748.83
Dec-21-2020,6722.62
Dec-22-2020,6709.04
Dec-23-2020,6714.12
Dec-24-2020,6738.36
Dec-28-2020,6797.13
Dec-29-2020,6782.00
Dec-30-2020,6791.62
Dec-31-2020,6835.73
Jan-04-2021,6735.12
Jan-05-2021,6783.39
Jan-06-2021,6822.20
Jan-07-2021,6924.53
Jan-08-2021,6963.18
Jan-11-2021,6917.52
Jan-12-2021,6920.41
Jan-13-2021,6936.25
Jan-14-2021,6910.77
Jan-15-2021,6861.15
Jan-19-2021,6917.16
Jan-20-2021,7013.55
Jan-21-2021,7016.19
Jan-22-2021,6995.11
Jan-25-2021,7020.41
Jan-26-2021,7009.98
Jan-27-2021,6829.99
Jan-28-2021,6897.14
Jan-29-2021,6764.58
Feb-01-2021,6873.16
Feb-02-2021,6968.75
Feb-03-2021,6975.78
Feb-04-2021,7051.98
Feb-05-2021,7079.99
Feb-08-2021,7132.48
Feb-09-2021,7125.39
Feb-10-2021,7123.06
Feb-11-2021,7135.91
Feb-12-2021,7169.78
Feb-16-2021,7166.32
Feb-17-2021,7164.84
Feb-18-2021,7133.39
Feb-19-2021,7120.44
Feb-22-2021,7065.80
Feb-23-2021,7074.77
Feb-24-2021,7155.14
Feb-25-2021,6980.69
Feb-26-2021,6948.10
Mar-01-2021,7113.52
Mar-02-2021,7056.07
Mar-03-2021,6964.12
Mar-04-2021,6871.54
Mar-05-2021,7005.71
Mar-08-2021,6968.21
Mar-09-2021,7067.31
Mar-10-2021,7110.18
Mar-11-2021,7184.45
Mar-12-2021,7192.99
Mar-15-2021,7239.91
Mar-16-2021,7228.68
Mar-17-2021,7249.54
Mar-18-2021,7142.78
Mar-19-2021,7139.01
Mar-22-2021,7189.16
Mar-23-2021,7134.33
Mar-24-2021,7095.62
Mar-25-2021,7132.96
Mar-26-2021,7251.64
Mar-29-2021,7245.36
Mar-30-2021,7223.00
Mar-31-2021,7249.57
Apr-01-2021,7335.29
Apr-05-2021,7441.90
Apr-06-2021,7434.89
Apr-07-2021,7445.96
Apr-08-2021,7478.59
Apr-09-2021,7536.39
Apr-12-2021,7535.00
Apr-13-2021,7559.83
Apr-14-2021,7529.56
Apr-15-2021,7613.21
Apr-16-2021,7640.68
Apr-19-2021,7600.13
Apr-20-2021,7548.61
Apr-21-2021,7618.86
Apr-22-2021,7549.11
Apr-23-2021,7631.79
Apr-26-2021,7645.39
Apr-27-2021,7643.79
Apr-28-2021,7637.37
Apr-29-2021,7689.31
Apr-30-2021,7634.42
May-03-2021,7655.40
May-04-2021,7604.28
May-05-2021,7609.65
May-06-2021,7672.63
May-07-2021,7730.11
May-10-2021,7649.55
May-11-2021,7583.27
May-12-2021,7421.34
May-13-2021,7512.57
May-14-2021,7625.07
May-17-2021,7605.78
May-18-2021,7541.65
May-19-2021,7520.20
May-20-2021,7600.06
May-21-2021,7594.30
May-24-2021,7670.10
May-25-2021,7653.89
May-26-2021,7668.32
May-27-2021,7677.72
May-28-2021,7684.30
Jun-01-2021,7680.69
Jun-02-2021,7692.36
Jun-03-2021,7665.33
Jun-04-2021,7733.10
Jun-07-2021,7727.06
Jun-08-2021,7728.52
Jun-09-2021,7714.64
Jun-10-2021,7750.80
Jun-11-2021,7766.03
Jun-14-2021,7781.47
Jun-15-2021,7766.01
Jun-16-2021,7724.23
Jun-17-2021,7721.00
Jun-18-2021,7619.94
Jun-21-2021,7726.88
Jun-22-2021,7766.47
Jun-23-2021,7758.07
Jun-24-2021,7803.63
Jun-25-2021,7829.72
Jun-28-2021,7847.84
Jun-29-2021,7850.50
Jun-30-2021,7861.08
Jul-01-2021,7902.50
Jul-02-2021,7962.48
Jul-06-2021,7946.64
Jul-07-2021,7973.34
Jul-08-2021,7906.17
Jul-09-2021,7995.42
Jul-12-2021,8023.01
Jul-13-2021,7994.81
Jul-14-2021,8004.80
Jul-15-2021,7978.80
Jul-16-2021,7918.65
Jul-19-2021,7793.09
Jul-20-2021,7911.41
Jul-21-2021,7976.62
Jul-22-2021,7993.12
Jul-23-2021,8074.47
Jul-26-2021,8093.77
Jul-27-2021,8055.65
Jul-28-2021,8054.19
Jul-29-2021,8088.73
Jul-30-2021,8045.45
Aug-02-2021,8030.63
Aug-03-2021,8096.53
Aug-04-2021,8059.08
Aug-05-2021,8107.88
Aug-06-2021,8122.12
Aug-09-2021,8114.93
Aug-10-2021,8122.98
Aug-11-2021,8143.26
Aug-12-2021,8168.80
Aug-13-2021,8182.16
Aug-16-2021,8203.76
Aug-17-2021,8146.19
Aug-18-2021,8059.71
Aug-19-2021,8070.22
Aug-20-2021,8136.19
Aug-23-2021,8206.07
Aug-24-2021,8218.37
Aug-25-2021,8236.69
Aug-26-2021,8188.92
Aug-27-2021,8261.24
Aug-30-2021,8297.19
Aug-31-2021,8286.66
Sep-01-2021,8289.63
Sep-02-2021,8314.10
Sep-03-2021,8311.47
Sep-07-2021,8283.42
Sep-08-2021,8272.69
Sep-09-2021,8235.09
Sep-10-2021,8171.76
Sep-13-2021,8190.41
Sep-14-2021,8144.75
Sep-15-2021,8213.93
Sep-16-2021,8201.37
Sep-17-2021,8126.66
Sep-20-2021,7988.73
Sep-21-2021,7982.50
Sep-22-2021,8058.49
Sep-23-2021,8156.51
Sep-24-2021,8168.50
Sep-27-2021,8145.94
Sep-28-2021,7980.36
Sep-29-2021,7993.43
Sep-30-2021,7898.61
Oct-01-2021,7989.41
Oct-04-2021,7885.99
Oct-05-2021,7969.62
Oct-06-2021,8002.34
Oct-07-2021,8070.04
Oct-08-2021,8054.68
Oct-11-2021,7999.39
Oct-12-2021,7980.05
Oct-13-2021,8004.28
Oct-14-2021,8141.49
Oct-15-2021,8202.23
Oct-18-2021,8229.91
Oct-19-2021,8290.85
Oct-20-2021,8321.28
Oct-21-2021,8346.64
Oct-22-2021,8337.78
Oct-25-2021,8377.39
Oct-26-2021,8392.66
Oct-27-2021,8350.36
Oct-28-2021,8432.73
Oct-29-2021,8449.82
Nov-01-2021,8465.10
Nov-02-2021,8496.26
Nov-03-2021,8551.15
Nov-04-2021,8587.69
Nov-05-2021,8620.36
Nov-08-2021,8628.08
Nov-09-2021,8598.32
Nov-10-2021,8528.93
Nov-11-2021,8533.63
Nov-12-2021,8595.83
Nov-15-2021,8595.99
Nov-16-2021,8629.54
Nov-17-2021,8608.28
Nov-18-2021,8637.96
Nov-19-2021,8626.01
Nov-22-2021,8599.00
Nov-23-2021,8613.32
Nov-24-2021,8633.35
Nov-26-2021,8437.28
Nov-29-2021,8549.04
Nov-30-2021,8387.72
Dec-01-2021,8289.11
Dec-02-2021,8407.69
Dec-03-2021,8336.93
Dec-06-2021,8434.90
Dec-07-2021,8609.64
Dec-08-2021,8636.33
Dec-09-2021,8575.05
Dec-10-2021,8656.99
Dec-13-2021,8578.03
Dec-14-2021,8514.81
Dec-15-2021,8654.14
Dec-16-2021,8578.73
Dec-17-2021,8490.80
Dec-20-2021,8394.16
Dec-21-2021,8543.83
Dec-22-2021,8631.44
Dec-23-2021,8685.27
Dec-27-2021,8805.68
Dec-28-2021,8796.79
Dec-29-2021,8809.13
Dec-30-2021,8783.36
Dec-31-2021,8760.59
Jan-03-2022,8816.47
Jan-04-2022,8811.32
Jan-05-2022,8640.91
Jan-06-2022,8633.02
Jan-07-2022,8599.15
Jan-10-2022,8586.76
Jan-11-2022,8665.41
Jan-12-2022,8689.92
Jan-13-2022,8566.81
Jan-14-2022,8573.95
Jan-18-2022,8416.38
Jan-19-2022,8334.94
Jan-20-2022,8243.39
Jan-21-2022,8087.53
Jan-24-2022,8109.94
Jan-25-2022,8011.26
Jan-26-2022,7999.32
Jan-27-2022,7956.62
Jan-28-2022,8151.01
Jan-31-2022,8305.05
Feb-01-2022,8362.08
Feb-02-2022,8440.93
Feb-03-2022,8235.32
Feb-04-2022,8278.76
Feb-07-2022,8248.24
Feb-08-2022,8317.59
Feb-09-2022,8439.07
Feb-10-2022,8286.94
Feb-11-2022,8129.96
Feb-14-2022,8099.14
Feb-15-2022,8227.50
Feb-16-2022,8235.52
Feb-17-2022,8061.85
Feb-18-2022,8004.91
Feb-22-2022,7923.79
Feb-23-2022,7777.93
Feb-24-2022,7894.70
Feb-25-2022,8071.95
Feb-28-2022,8052.85
Mar-01-2022,7928.39
Mar-02-2022,8076.39
Mar-03-2022,8034.66
Mar-04-2022,7971.30
Mar-07-2022,7736.08
Mar-08-2022,7680.26
Mar-09-2022,7878.47
Mar-10-2022,7845.17
Mar-11-2022,7743.79
Mar-14-2022,7687.50
Mar-15-2022,7852.20
Mar-16-2022,8028.10
Mar-17-2022,8127.56
Mar-18-2022,8222.41
Mar-21-2022,8219.14
Mar-22-2022,8312.04
Mar-23-2022,8210.36
Mar-24-2022,8328.63
Mar-25-2022,8370.86
Mar-28-2022,8430.68
Mar-29-2022,8534.02
Mar-30-2022,8480.92
Mar-31-2022,8348.57
Apr-01-2022,8377.04
Apr-04-2022,8444.86
Apr-05-2022,8339.81
Apr-06-2022,8258.79
Apr-07-2022,8294.65
Apr-08-2022,8272.76
Apr-11-2022,8133.14
Apr-12-2022,8105.53
Apr-13-2022,8197.19
Apr-14-2022,8097.64
Apr-18-2022,8095.98
Apr-19-2022,8226.07
Apr-20-2022,8221.07
Apr-21-2022,8100.25
Apr-22-2022,7875.62
Apr-25-2022,7920.57
Apr-26-2022,7697.69
Apr-27-2022,7713.89
Apr-28-2022,7905.11
Apr-29-2022,7618.67
May-02-2022,7661.94
May-03-2022,7699.00
May-04-2022,7928.98
May-05-2022,7646.90
May-06-2022,7604.30
May-09-2022,7361.08
May-10-2022,7379.20
May-11-2022,7257.91
May-12-2022,7250.31
May-13-2022,7423.95
May-16-2022,7394.91
May-17-2022,7544.35
May-18-2022,7240.81
May-19-2022,7199.11
May-20-2022,7200.25
May-23-2022,7334.46
May-24-2022,7274.97
May-25-2022,7343.81
May-26-2022,7490.01
May-27-2022,7676.26
May-31-2022,7628.57
Jun-01-2022,7572.03
Jun-02-2022,7712.51
Jun-03-2022,7586.81
Jun-06-2022,7610.66
Jun-07-2022,7683.29
Jun-08-2022,7600.55
Jun-09-2022,7420.18
Jun-10-2022,7204.34
Jun-13-2022,6925.06
Jun-14-2022,6900.62
Jun-15-2022,7001.46
Jun-16-2022,6774.34
Jun-17-2022,6789.35
Jun-21-2022,6955.80
Jun-22-2022,6946.83
Jun-23-2022,7013.26
Jun-24-2022,7227.70
Jun-27-2022,7206.37
Jun-28-2022,7061.20
Jun-29-2022,7056.72
Jun-30-2022,6995.73
Jul-01-2022,7069.62
Jul-05-2022,7081.72
Jul-06-2022,7107.12
Jul-07-2022,7214.05
Jul-08-2022,7208.46
Jul-11-2022,7125.45
Jul-12-2022,7059.67
Jul-13-2022,7028.31
Jul-14-2022,7007.86
Jul-15-2022,7142.43
Jul-18-2022,7082.70
Jul-19-2022,7278.58
Jul-20-2022,7321.58
Jul-21-2022,7394.24
Jul-22-2022,7325.30
Jul-25-2022,7334.93
Jul-26-2022,7250.30
Jul-27-2022,7440.00
Jul-28-2022,7530.92
Jul-29-2022,7638.48
Aug-01-2022,7616.96
Aug-02-2022,7566.23
Aug-03-2022,7684.64
Aug-04-2022,7679.14
Aug-05-2022,7667.34
Aug-08-2022,7657.95
Aug-09-2022,7625.75
Aug-10-2022,7788.34
Aug-11-2022,7784.32
Aug-12-2022,7919.86
Aug-15-2022,7951.48
Aug-16-2022,7966.67
Aug-17-2022,7910.01
Aug-18-2022,7928.81
Aug-19-2022,7826.69
Aug-22-2022,7659.77
Aug-23-2022,7642.70
Aug-24-2022,7665.09
Aug-25-2022,7773.23
Aug-26-2022,7511.52
Aug-29-2022,7461.70
Aug-30-2022,7379.82
Aug-31-2022,7323.17
Sep-01-2022,7346.00
Sep-02-2022,7267.53
Sep-06-2022,7238.04
Sep-07-2022,7370.93
Sep-08-2022,7420.29
Sep-09-2022,7534.07
Sep-12-2022,7613.80
Sep-13-2022,7284.75
Sep-14-2022,7310.82
Sep-15-2022,7228.60
Sep-16-2022,7176.76
Sep-19-2022,7226.02
Sep-20-2022,7144.63
Sep-21-2022,7022.67
Sep-22-2022,6963.71
Sep-23-2022,6843.82
Sep-26-2022,6773.06
Sep-27-2022,6759.00
Sep-28-2022,6892.23
Sep-29-2022,6747.31
Sep-30-2022,6645.87
Oct-03-2022,6817.92
Oct-04-2022,7026.86
Oct-05-2022,7013.16
Oct-06-2022,6942.55
Oct-07-2022,6748.30
Oct-10-2022,6697.73
Oct-11-2022,6654.15
Oct-12-2022,6632.38
Oct-13-2022,6805.20
Oct-14-2022,6644.35
Oct-17-2022,6820.30
Oct-18-2022,6898.34
Oct-19-2022,6852.30
Oct-20-2022,6798.36
Oct-21-2022,6959.74
Oct-24-2022,7042.44
Oct-25-2022,7157.03
Oct-26-2022,7104.22
Oct-27-2022,7061.10
Oct-28-2022,7235.48
Oct-31-2022,7181.73
Nov-01-2022,7152.33
Nov-02-2022,6973.53
Nov-03-2022,6900.33
Nov-04-2022,6995.34
Nov-07-2022,7062.69
Nov-08-2022,7102.27
Nov-09-2022,6955.75
Nov-10-2022,7341.72
Nov-11-2022,7409.56
Nov-14-2022,7344.51
Nov-15-2022,7408.89
Nov-16-2022,7348.94
Nov-17-2022,7327.30
Nov-18-2022,7362.32
Nov-21-2022,7334.31
Nov-22-2022,7434.04
Nov-23-2022,7478.29
Nov-25-2022,7476.32
Nov-28-2022,7360.89
Nov-29-2022,7349.62
Nov-30-2022,7578.48
Dec-01-2022,7572.78
Dec-02-2022,7564.16
Dec-05-2022,7428.87
Dec-06-2022,7322.10
Dec-07-2022,7308.58
Dec-08-2022,7364.29
Dec-09-2022,7310.38
Dec-12-2022,7414.79
Dec-13-2022,7469.06
Dec-14-2022,7424.85
Dec-15-2022,7240.18
Dec-16-2022,7159.92
Dec-19-2022,7095.75
Dec-20-2022,7103.30
Dec-21-2022,7209.62
Dec-22-2022,7105.42
Dec-23-2022,7147.26
Dec-27-2022,7118.72
Dec-28-2022,7033.19
Dec-29-2022,7156.65
Dec-30-2022,7138.77
Jan-03-2023,7110.39
Jan-04-2023,7164.24
Jan-05-2023,7081.61
Jan-06-2023,7243.45
Jan-09-2023,7238.85
Jan-10-2023,7289.37
Jan-11-2023,7383.14
Jan-12-2023,7408.98
Jan-13-2023,7438.78
Jan-17-2023,7423.68
Jan-18-2023,7308.16
Jan-19-2023,7252.98
Jan-20-2023,7390.30
Jan-23-2023,7478.11
Jan-24-2023,7472.91
Jan-25-2023,7471.60
Jan-26-2023,7554.23
Jan-27-2023,7573.17
Jan-30-2023,7475.45
Jan-31-2023,7585.01
Feb-01-2023,7664.32
Feb-02-2023,7777.27
Feb-03-2023,7696.98
Feb-06-2023,7650.08
Feb-07-2023,7748.65
Feb-08-2023,7662.97
Feb-09-2023,7596.11
Feb-10-2023,7613.88
Feb-13-2023,7701.86
Feb-14-2023,7700.36
Feb-15-2023,7723.08
Feb-16-2023,7617.07
Feb-17-2023,7596.99
Feb-21-2023,7444.76
Feb-22-2023,7433.15
Feb-23-2023,7473.19
Feb-24-2023,7394.67
Feb-27-2023,7418.04
Feb-28-2023,7396.04
Mar-01-2023,7361.41
Mar-02-2023,7418.02
Mar-03-2023,7538.24
Mar-06-2023,7543.62
Mar-07-2023,7428.15
Mar-08-2023,7439.11
Mar-09-2023,7302.63
Mar-10-2023,7197.30
Mar-13-2023,7186.55
Mar-14-2023,7306.17
Mar-15-2023,7255.34
Mar-16-2023,7383.52
Mar-17-2023,7302.28
Mar-20-2023,7367.44
Mar-21-2023,7463.48
Mar-22-2023,7341.00
Mar-23-2023,7363.35
Mar-24-2023,7404.90
Mar-27-2023,7417.09
Mar-28-2023,7405.55
Mar-29-2023,7510.99
Mar-30-2023,7554.62
Mar-31-2023,7663.89
Apr-03-2023,7692.24
Apr-04-2023,7648.14
Apr-05-2023,7629.75
Apr-06-2023,7658.17
Apr-10-2023,7665.93
Apr-11-2023,7665.61
Apr-12-2023,7634.03
Apr-13-2023,7736.11
Apr-14-2023,7720.12
Apr-17-2023,7745.75
Apr-18-2023,7752.37
Apr-19-2023,7751.71
Apr-20-2023,7706.15
Apr-21-2023,7713.21
Apr-24-2023,7719.79
Apr-25-2023,7597.95
Apr-26-2023,7568.79
Apr-27-2023,7717.02
Apr-28-2023,7781.29
May-01-2023,7778.29
May-02-2023,7688.22
May-03-2023,7634.48
May-04-2023,7579.95
May-05-2023,7720.29
May-08-2023,7723.87
May-09-2023,7688.88
May-10-2023,7723.51
May-11-2023,7711.55
May-12-2023,7700.56
May-15-2023,7724.07
May-16-2023,7675.09
May-17-2023,7767.41
May-18-2023,7841.76
May-19-2023,7830.55
May-22-2023,7832.40
May-23-2023,7744.60
May-24-2023,7688.03
May-25-2023,7755.53
May-26-2023,7857.12
May-30-2023,7857.62
May-31-2023,7810.75
Jun-01-2023,7888.73
Jun-02-2023,8003.71
Jun-05-2023,7987.78
Jun-06-2023,8006.72
Jun-07-2023,7976.36
Jun-08-2023,8026.36
Jun-09-2023,8035.73
Jun-12-2023,8110.65
Jun-13-2023,8167.10
Jun-14-2023,8175.13
Jun-15-2023,8275.71
Jun-16-2023,8245.43
Jun-20-2023,8206.42
Jun-21-2023,8163.75
Jun-22-2023,8194.55
Jun-23-2023,8131.84
Jun-26-2023,8095.47
Jun-27-2023,8188.20
Jun-28-2023,8185.31
Jun-29-2023,8222.61
Jun-30-2023,8323.70
Jul-03-2023,8333.74
Jul-05-2023,8318.06
Jul-06-2023,8252.60
Jul-07-2023,8229.89
Jul-10-2023,8249.72
Jul-11-2023,8305.43
Jul-12-2023,8367.13
Jul-13-2023,8438.62
Jul-14-2023,8430.17
Jul-17-2023,8462.67
Jul-18-2023,8522.89
Jul-19-2023,8543.09
Jul-20-2023,8485.95
Jul-21-2023,8488.70
Jul-24-2023,8523.05
Jul-25-2023,8547.15
Jul-26-2023,8545.90
Jul-27-2023,8491.41
Jul-28-2023,8575.86
Jul-31-2023,8588.63
Aug-01-2023,8565.89
Aug-02-2023,8447.40
Aug-03-2023,8426.16
Aug-04-2023,8381.94
Aug-07-2023,8457.73
Aug-08-2023,8422.09
Aug-09-2023,8363.32
Aug-10-2023,8366.17
Aug-11-2023,8358.05
Aug-14-2023,8406.47
Aug-15-2023,8310.27
Aug-16-2023,8248.41
Aug-17-2023,8185.91
Aug-18-2023,8185.07
Aug-21-2023,8241.49
Aug-22-2023,8218.68
Aug-23-2023,8309.57
Aug-24-2023,8197.90
Aug-25-2023,8253.66
Aug-28-2023,8305.44
Aug-29-2023,8426.12
Aug-30-2023,8459.40
Aug-31-2023,8447.26
Sep-01-2023,8462.76
Sep-05-2023,8427.52
Sep-06-2023,8368.93
Sep-07-2023,8342.84
Sep-08-2023,8355.17
Sep-11-2023,8411.35
Sep-12-2023,8363.67
Sep-13-2023,8374.10
Sep-14-2023,8446.34
Sep-15-2023,8343.88
Sep-18-2023,8349.99
Sep-19-2023,8332.02
Sep-20-2023,8254.14
Sep-21-2023,8118.96
Sep-22-2023,8100.40
Sep-25-2023,8133.07
Sep-26-2023,8013.60
Sep-27-2023,8015.55
Sep-28-2023,8063.53
Sep-29-2023,8041.87
Oct-02-2023,8042.54
Oct-03-2023,7932.44
Oct-04-2023,7996.79
Oct-05-2023,7987.37
Oct-06-2023,8082.65
Oct-09-2023,8133.59
Oct-10-2023,8176.07
Oct-11-2023,8211.45
Oct-12-2023,8160.77
Oct-13-2023,8119.84
Oct-16-2023,8206.04
Oct-17-2023,8205.22
Oct-18-2023,8095.28
Oct-19-2023,8027.08
Oct-20-2023,7926.24
Oct-23-2023,7912.88
Oct-24-2023,7970.49
Oct-25-2023,7856.22
Oct-26-2023,7763.36
Oct-27-2023,7726.19
Oct-30-2023,7819.47
Oct-31-2023,7870.48
Nov-01-2023,7953.18
Nov-02-2023,8103.54
Nov-03-2023,8179.93
Nov-06-2023,8194.45
Nov-07-2023,8217.82
Nov-08-2023,8226.37
Nov-09-2023,8160.98
Nov-10-2023,8289.31
Nov-13-2023,8282.74
Nov-14-2023,8441.95
Nov-15-2023,8456.52
Nov-16-2023,8468.00
Nov-17-2023,8478.98
Nov-20-2023,8542.26
Nov-21-2023,8525.14
Nov-22-2023,8560.07
Nov-24-2023,8565.31
Nov-27-2023,8548.68
Nov-28-2023,8557.08
Nov-29-2023,8550.02
Nov-30-2023,8584.18
Dec-01-2023,8635.12
Dec-04-2023,8588.43
Dec-05-2023,8583.81
Dec-06-2023,8550.43
Dec-07-2023,8619.52
Dec-08-2023,8654.97
Dec-11-2023,8688.96
Dec-12-2023,8729.18
Dec-13-2023,8848.45
Dec-14-2023,8873.30
Dec-15-2023,8872.97
Dec-18-2023,8913.22
Dec-19-2023,8966.01
Dec-20-2023,8835.08
Dec-21-2023,8926.11
Dec-22-2023,8940.94
Dec-26-2023,8978.80
Dec-27-2023,8992.15
Dec-28-2023,8996.19
Dec-29-2023,8971.07
Jan-02-2024,8920.49
Jan-03-2024,8849.24
Jan-04-2024,8819.71
Jan-05-2024,8835.82
Jan-08-2024,8960.64
Jan-09-2024,8948.29
Jan-10-2024,8999.09
Jan-11-2024,8993.28
Jan-12-2024,9000.57
Jan-16-2024,8967.07
Jan-17-2024,8916.84
Jan-18-2024,8995.86
Jan-19-2024,9107.00
Jan-22-2024,9126.97
Jan-23-2024,9153.78
Jan-24-2024,9161.28
Jan-25-2024,9209.83
Jan-26-2024,9203.84
Jan-29-2024,9273.50
Jan-30-2024,9268.46
Jan-31-2024,9119.38
Feb-01-2024,9233.66
Feb-02-2024,9332.62
Feb-05-2024,9302.94
Feb-06-2024,9324.62
Feb-07-2024,9401.56
Feb-08-2024,9407.75
Feb-09-2024,9462.41
Feb-12-2024,9453.52
Feb-13-2024,9325.02
Feb-14-2024,9415.58
Feb-15-2024,9471.89
Feb-16-2024,9427.44
Feb-20-2024,9371.06
Feb-21-2024,9383.20
Feb-22-2024,9581.75
Feb-23-2024,9585.23
Feb-26-2024,9549.18
Feb-27-2024,9565.58
Feb-28-2024,9550.35
Feb-29-2024,9601.73
Mar-01-2024,9679.02
Mar-04-2024,9667.70
Mar-05-2024,9569.32
Mar-06-2024,9619.01
Mar-07-2024,9719.06
Mar-08-2024,9656.09
Mar-11-2024,9645.27
Mar-12-2024,9753.53
Mar-13-2024,9735.05
Mar-14-2024,9708.77
Mar-15-2024,9646.05
Mar-18-2024,9707.07
Mar-19-2024,9761.91
Mar-20-2024,9849.74
Mar-21-2024,9881.78
Mar-22-2024,9868.26
Mar-25-2024,9838.11
Mar-26-2024,9810.58
Mar-27-2024,9896.07
Mar-28-2024,9907.33
Apr-01-2024,9887.41
Apr-02-2024,9816.02
Apr-03-2024,9827.05
Apr-04-2024,9706.70
Apr-05-2024,9814.46
Apr-08-2024,9810.90
Apr-09-2024,9826.07
Apr-10-2024,9733.27
Apr-11-2024,9805.90
Apr-12-2024,9664.02
Apr-15-2024,9547.92
Apr-16-2024,9528.30
Apr-17-2024,9473.21
Apr-18-2024,9452.72
Apr-19-2024,9370.24
Apr-22-2024,9452.06
Apr-23-2024,9565.29
Apr-24-2024,9567.35
Apr-25-2024,9523.69
Apr-26-2024,9621.04
Apr-29-2024,9651.96
Apr-30-2024,9500.38
May-01-2024,9467.78
May-02-2024,9554.31
May-03-2024,9674.62
May-06-2024,9774.71
May-07-2024,9788.19
May-08-2024,9788.15
May-09-2024,9839.31
May-10-2024,9856.62
May-13-2024,9854.34
May-14-2024,9903.05
May-15-2024,10020.37
May-16-2024,10000.95
May-17-2024,10012.90
May-20-2024,10022.67
May-21-2024,10047.92
May-22-2024,10020.82
May-23-2024,9947.12
May-24-2024,10016.92
May-28-2024,10019.43
May-29-2024,9945.69
May-30-2024,9886.98
May-31-2024,9966.99
Jun-03-2024,9978.94
Jun-04-2024,9994.32
Jun-05-2024,10112.84
Jun-06-2024,10110.91
Jun-07-2024,10100.92
Jun-10-2024,10127.59
Jun-11-2024,10155.09
Jun-12-2024,10241.61
Jun-13-2024,10265.72
Jun-14-2024,10263.44
Jun-17-2024,10342.99
Jun-18-2024,10369.30
Jun-20-2024,10343.16
Jun-21-2024,10327.38
Jun-24-2024,10296.19
Jun-25-2024,10336.68
Jun-26-2024,10352.96
Jun-27-2024,10362.43
Jun-28-2024,10321.01
Jul-01-2024,10348.84
Jul-02-2024,10412.99
Jul-03-2024,10466.14
Jul-05-2024,10524.33
Jul-08-2024,10535.27
Jul-09-2024,10543.25
Jul-10-2024,10651.77
Jul-11-2024,10558.71
Jul-12-2024,10616.96
Jul-15-2024,10647.72
Jul-16-2024,10715.75
Jul-17-2024,10566.60
Jul-18-2024,10484.04
Jul-19-2024,10409.63
Jul-22-2024,10522.28
Jul-23-2024,10505.89
Jul-24-2024,10262.78
Jul-25-2024,10210.07
Jul-26-2024,10323.79
Jul-29-2024,10332.28
Jul-30-2024,10281.07
Jul-31-2024,10444.00
Aug-01-2024,10301.28
Aug-02-2024,10112.02
Aug-05-2024,9809.27
Aug-06-2024,9910.93
Aug-07-2024,9834.51
Aug-08-2024,10061.16
Aug-09-2024,10109.03
Aug-12-2024,10110.42
Aug-13-2024,10280.83
Aug-14-2024,10320.37
Aug-15-2024,10488.98
Aug-16-2024,10510.89
Aug-19-2024,10613.87
Aug-20-2024,10593.04
Aug-21-2024,10638.27
Aug-22-2024,10543.38
Aug-23-2024,10664.55
Aug-26-2024,10631.08
Aug-27-2024,10648.64
Aug-28-2024,10585.03
Aug-29-2024,10585.00
Aug-30-2024,10692.88
Sep-03-2024,10467.46
Sep-04-2024,10450.98
Sep-05-2024,10419.71
Sep-06-2024,10240.77
Sep-09-2024,10360.12
Sep-10-2024,10406.65
Sep-11-2024,10517.72
Sep-12-2024,10596.67
Sep-13-2024,10655.20
Sep-16-2024,10670.10
Sep-17-2024,10673.09
Sep-18-2024,10642.31
Sep-19-2024,10823.40
Sep-20-2024,10802.46
Sep-23-2024,10832.88
Sep-24-2024,10860.13
Sep-25-2024,10839.96
Sep-26-2024,10884.19
Sep-27-2024,10870.80
Sep-30-2024,10917.53
Oct-01-2024,10815.95
Oct-02-2024,10817.90
Oct-03-2024,10799.73
Oct-04-2024,10898.21
Oct-07-2024,10793.84
Oct-08-2024,10898.46
Oct-09-2024,10976.20
Oct-10-2024,10954.64
Oct-11-2024,11021.01
Oct-14-2024,11105.95
Oct-15-2024,11022.09
Oct-16-2024,11073.77
Oct-17-2024,11071.96
Oct-18-2024,11116.37
Oct-21-2024,11096.41
Oct-22-2024,11091.17
Oct-23-2024,10989.36
Oct-24-2024,11012.93
Oct-25-2024,11009.69
Oct-28-2024,11038.98
Oct-29-2024,11056.80
Oct-30-2024,11020.36
Oct-31-2024,10815.80
Nov-01-2024,10860.39
Nov-04-2024,10830.22
Nov-05-2024,10963.14
Nov-06-2024,11240.50
Nov-07-2024,11324.22
Nov-08-2024,11368.45
Nov-11-2024,11379.47
Nov-12-2024,11347.03
Nov-13-2024,11350.01
Nov-14-2024,11282.28
Nov-15-2024,11134.36
Nov-18-2024,11179.19
Nov-19-2024,11223.60
Nov-20-2024,11224.09
Nov-21-2024,11285.23
Nov-22-2024,11324.70
Nov-25-2024,11358.95
Nov-26-2024,11424.50
Nov-27-2024,11381.55
Nov-29-2024,11446.16
Dec-02-2024,11475.13
Dec-03-2024,11480.47
Dec-04-2024,11550.10
Dec-05-2024,11529.00
Dec-06-2024,11558.69
Dec-09-2024,11488.80
Dec-10-2024,11454.92
Dec-11-2024,11548.57
Dec-12-2024,11486.04
Dec-13-2024,11486.75
Dec-16-2024,11531.47
Dec-17-2024,11487.08
Dec-18-2024,11148.44
Dec-19-2024,11138.81
Dec-20-2024,11260.27
Dec-23-2024,11342.80
Dec-24-2024,11468.04
Dec-26-2024,11464.05
Dec-27-2024,11337.99
Dec-30-2024,11216.70
Dec-31-2024,11169.35
Jan-02-2025,11144.79
Jan-03-2025,11285.80
Jan-06-2025,11348.90
Jan-07-2025,11222.97
Jan-08-2025,11240.66
Jan-10-2025,11068.96
Jan-13-2025,11086.40
Jan-14-2025,11099.13
Jan-15-2025,11303.16
Jan-16-2025,11279.43
Jan-17-2025,11392.28
Jan-21-2025,11492.37
Jan-22-2025,11563.04
Jan-23-2025,11624.61
Jan-24-2025,11592.19
Jan-27-2025,11423.24
Jan-28-2025,11528.54
Jan-29-2025,11474.65
Jan-30-2025,11535.31
Jan-31-2025,11477.60
Feb-03-2025,11390.76
Feb-04-2025,11473.10
Feb-05-2025,11518.02
Feb-06-2025,11559.99
Feb-07-2025,11451.12
Feb-10-2025,11529.16
Feb-11-2025,11533.27
Feb-12-2025,11502.72
Feb-13-2025,11622.73
Feb-14-2025,11623.79
Feb-18-2025,11653.46
Feb-19-2025,11681.30
Feb-20-2025,11631.76
Feb-21-2025,11433.56
Feb-24-2025,11377.04
Feb-25-2025,11323.93
Feb-26-2025,11325.64
Feb-27-2025,11146.04
Feb-28-2025,11323.73
Mar-03-2025,11125.21
Mar-04-2025,10989.31
Mar-05-2025,11112.10
Mar-06-2025,10914.32
Mar-07-2025,10975.71
Mar-10-2025,10681.04
Mar-11-2025,10600.29
Mar-12-2025,10652.25
Mar-13-2025,10504.89
Mar-14-2025,10729.80